,index,date,rank,song_name,song_id,album_name,artist,release_date
0,0,2021-11-17 17:30:02.13,1,All Too Well (10 Minute Version) (Taylor's Version) (From The Vault),5enxwA8aAbwZbf5qCHORXi,Red (Taylor's Version),Taylor Swift,2021-11-12
1,1,2021-11-17 17:30:02.13,2,Easy On Me,0gplL1WMoJ6iYaPgMCL0gX,Easy On Me,Adele,2021-10-14
2,2,2021-11-17 17:30:02.13,3,STAY (with Justin Bieber),5PjdY0CKGZdEuoNab3yDmX,F*CK LOVE 3: OVER YOU,The Kid LAROI,2021-07-23
3,3,2021-11-17 17:30:02.13,4,INDUSTRY BABY (feat. Jack Harlow),5Z9KJZvQzH6PFmb8SNkxuk,MONTERO,Lil Nas X,2021-09-17
4,4,2021-11-17 17:30:02.13,5,Cold Heart - PNAU Remix,7rglLriMNBPAyuJOMGwi39,The Lockdown Sessions,Elton John,2021-10-22
5,5,2021-11-17 17:30:02.13,6,Heat Waves,02MWAaffLxlfxAUY7c5dvx,Dreamland (+ Bonus Levels),Glass Animals,2020-08-06
6,6,2021-11-17 17:30:02.13,7,Shivers,50nfwKoDiSYg8zOCREWAm5,=,Ed Sheeran,2021-10-29
7,7,2021-11-17 17:30:02.13,8,Smokin Out The Window,7sMBvZCSUl99bJLXZaLa0b,An Evening With Silk Sonic,Bruno Mars,2021-11-11
8,8,2021-11-17 17:30:02.13,9,Bad Habits,3rmo8F54jFF8OgYsqTxm5d,=,Ed Sheeran,2021-10-29
9,9,2021-11-17 17:30:02.13,10,Pepas,2B4GHvToeLTOBB4QLzW3Ni,La 167,Farruko,2021-10-01
10,10,2021-11-17 17:30:02.13,11,Enemy (with JID) - from the series Arcane League of Legends,1r9xUipOqoNwggBpENDsvJ,Enemy (with JID) [from the series Arcane League of Legends],Imagine Dragons,2021-10-28
11,11,2021-11-17 17:30:02.13,12,One Right Now (with The Weeknd),00Blm7zeNqgYLPtW6zg8cj,One Right Now,Post Malone,2021-11-05
12,12,2021-11-17 17:30:02.13,13,MONEY,7hU3IHwjX150XLoTVmjD0q,LALISA,LISA,2021-09-10
13,13,2021-11-17 17:30:02.13,14,My Universe,46HNZY1i7O6jwTA7Slo2PI,Music Of The Spheres,Coldplay,2021-10-15
14,14,2021-11-17 17:30:02.13,15,Woman,6Uj1ctrBOjOas8xZXGqKk4,Planet Her,Doja Cat,2021-06-25
15,15,2021-11-17 17:30:02.13,16,All Too Well (Taylor's Version),3nsfB1vus2qaloUdcBZvDu,Red (Taylor's Version),Taylor Swift,2021-11-12
16,16,2021-11-17 17:30:02.13,17,love nwantiti (ah ah ah),2Xr1dTzJee307rmrkt8c0g,CKay The First,CKay,2019-08-30
17,17,2021-11-17 17:30:02.13,18,Red (Taylor's Version),4OAuvHryIVv4kMDNSLuPt6,Red (Taylor's Version),Taylor Swift,2021-11-12
18,18,2021-11-17 17:30:02.13,19,love nwantiti (feat. Dj Yo! & AX'EL) - Remix,4gvrJnKCKIPiacNsWVQwEU,love nwantiti (feat. Dj Yo! & AX'EL) [Remix],CKay,2021-09-09
19,19,2021-11-17 17:30:02.13,20,SAD GIRLZ LUV MONEY Remix (feat. Kali Uchis and Moliy),15HMh4yxdf4wyxSZSlOgGZ,SAD GIRLZ LUV MONEY Remix (feat. Kali Uchis and Moliy),Amaarae,2021-09-16
20,20,2021-11-17 17:30:02.13,21,Toxic,2gQPv5jvVPqU2a9HhMNO1v,Toxic,BoyWithUke,2021-10-29
21,21,2021-11-17 17:30:02.13,22,Already Dead,7qM1BWAsZMTYh4BcYLb0uQ,Already Dead,Juice WRLD,2021-11-12
22,22,2021-11-17 17:30:02.13,23,good 4 u,4ZtFanR9U6ndgddUvNcjcG,SOUR,Olivia Rodrigo,2021-05-21
23,23,2021-11-17 17:30:02.13,24,Need to Know,3Vi5XqYrmQgOYBajMWSvCi,Planet Her,Doja Cat,2021-06-25
24,24,2021-11-17 17:30:02.13,25,THATS WHAT I WANT,0e8nrvls4Qqv5Rfa2UhqmO,MONTERO,Lil Nas X,2021-09-17
25,25,2021-11-17 17:30:02.13,26,Moth To A Flame (with The Weeknd),2gpWyfu7eZ01zzncHpxOtA,Moth To A Flame,Swedish House Mafia,2021-10-22
26,26,2021-11-17 17:30:02.13,27,Happier Than Ever,4RVwu0g32PAqgUiJoXsdF8,Happier Than Ever,Billie Eilish,2021-07-30
27,27,2021-11-17 17:30:02.13,28,Beggin',3Wrjm47oTz2sjIgck11l5e,Chosen,Måneskin,2017-12-08
28,28,2021-11-17 17:30:02.13,29,Kiss Me More (feat. SZA),3DarAbFujv6eYNliUTyqtz,Planet Her,Doja Cat,2021-06-25
29,29,2021-11-17 17:30:02.13,30,Nothing New (feat. Phoebe Bridgers) (Taylor’s Version) (From The Vault),01K4zKU104LyJ8gMb7227B,Red (Taylor's Version),Taylor Swift,2021-11-12
30,30,2021-11-17 17:30:02.13,31,Do It To It,20on25jryn53hWghthWWW3,Do It To It,ACRAZE,2021-08-20
31,31,2021-11-17 17:30:02.13,32,LA FAMA (with The Weeknd),6dmXZ9B5HdFAyzHeTneYBK,LA FAMA (with The Weeknd),ROSALÍA,2021-11-11
32,32,2021-11-17 17:30:02.13,33,I Bet You Think About Me (feat. Chris Stapleton) (Taylor’s Version) (From The Vault),4CkgMiMqZ5JzW9iYXSTMTL,Red (Taylor's Version),Taylor Swift,2021-11-12
33,33,2021-11-17 17:30:02.13,34,MONTERO (Call Me By Your Name),1SC5rEoYDGUK4NfG82494W,MONTERO,Lil Nas X,2021-09-17
34,34,2021-11-17 17:30:02.13,35,Run (feat. Ed Sheeran) (Taylor’s Version) (From The Vault),4IQkfUsrwXol38VV3U7t7T,Red (Taylor's Version),Taylor Swift,2021-11-12
35,35,2021-11-17 17:30:02.13,36,Ghost,6I3mqTwhRpn34SLVafSH7G,Justice,Justin Bieber,2021-03-19
36,36,2021-11-17 17:30:02.13,37,Blinding Lights,0VjIjW4GlUZAMYd2vXMi3b,After Hours,The Weeknd,2020-03-20
37,37,2021-11-17 17:30:02.13,38,Lo Siento BB:/ (with Bad Bunny & Julieta Venegas),4gzsuuZypVbxs0Af1LSZyB,Lo Siento BB:/ (with Bad Bunny & Julieta Venegas),Tainy,2021-10-05
38,38,2021-11-17 17:30:02.13,39,Leave The Door Open,1LPSkqVhWVRUkKE03YUkpB,An Evening With Silk Sonic,Bruno Mars,2021-11-11
39,39,2021-11-17 17:30:02.13,40,I Knew You Were Trouble (Taylor's Version),6AtZLIzUINvExIUy4QhdjP,Red (Taylor's Version),Taylor Swift,2021-11-12
40,40,2021-11-17 17:30:02.13,41,Life Goes On,0eu4C55hL6x29mmeAjytzC,"Ugly is Beautiful: Shorter, Thicker & Uglier (Deluxe)",Oliver Tree,2021-05-28
41,41,2021-11-17 17:30:02.13,42,Where Are You Now,3uUuGVFu1V7jTQL60S1r8z,Where Are You Now,Lost Frequencies,2021-07-30
42,42,2021-11-17 17:30:02.13,43,Yonaguni,2JPLbjOn0wPCngEot2STUS,Yonaguni,Bad Bunny,2021-06-04
43,43,2021-11-17 17:30:02.13,44,Meet Me At Our Spot,07MDkzWARZaLEdKxo6yArG,THE ANXIETY,THE ANXIETY,2020-03-13
44,44,2021-11-17 17:30:02.13,45,Better Days (NEIKED x Mae Muller x Polo G),6f5ExP43esnvdKPddwKXJH,Better Days (NEIKED x Mae Muller x Polo G),NEIKED,2021-09-24
45,45,2021-11-17 17:30:02.13,46,traitor,5CZ40GBx1sQ9agT82CLQCT,SOUR,Olivia Rodrigo,2021-05-21
46,46,2021-11-17 17:30:02.13,47,State Of Grace (Taylor's Version),6lzc0Al0zfZOIFsFvBS1ki,Red (Taylor's Version),Taylor Swift,2021-11-12
47,47,2021-11-17 17:30:02.13,48,22 (Taylor's Version),3yII7UwgLF6K5zW3xad3MP,Red (Taylor's Version),Taylor Swift,2021-11-12
48,48,2021-11-17 17:30:02.13,49,Enchanted,04S1pkp1VaIqjg8zZqknR5,Speak Now,Taylor Swift,2010-01-01
49,49,2021-11-17 17:30:02.13,50,I Love You So,4SqWKzw0CbA05TGszDgMlc,I Love You So,The Walters,2014-11-28
50,0,2021-11-18 16:00:04.739,1,All Too Well (10 Minute Version) (Taylor's Version) (From The Vault),5enxwA8aAbwZbf5qCHORXi,Red (Taylor's Version),Taylor Swift,2021-11-12
51,1,2021-11-18 16:00:04.739,2,Easy On Me,0gplL1WMoJ6iYaPgMCL0gX,Easy On Me,Adele,2021-10-14
52,2,2021-11-18 16:00:04.739,3,STAY (with Justin Bieber),5PjdY0CKGZdEuoNab3yDmX,F*CK LOVE 3: OVER YOU,The Kid LAROI,2021-07-23
53,3,2021-11-18 16:00:04.739,4,INDUSTRY BABY (feat. Jack Harlow),5Z9KJZvQzH6PFmb8SNkxuk,MONTERO,Lil Nas X,2021-09-17
54,4,2021-11-18 16:00:04.739,5,Cold Heart - PNAU Remix,7rglLriMNBPAyuJOMGwi39,The Lockdown Sessions,Elton John,2021-10-22
55,5,2021-11-18 16:00:04.739,6,Heat Waves,02MWAaffLxlfxAUY7c5dvx,Dreamland (+ Bonus Levels),Glass Animals,2020-08-06
56,6,2021-11-18 16:00:04.739,7,Shivers,50nfwKoDiSYg8zOCREWAm5,=,Ed Sheeran,2021-10-29
57,7,2021-11-18 16:00:04.739,8,Smokin Out The Window,7sMBvZCSUl99bJLXZaLa0b,An Evening With Silk Sonic,Bruno Mars,2021-11-11
58,8,2021-11-18 16:00:04.739,9,Bad Habits,3rmo8F54jFF8OgYsqTxm5d,=,Ed Sheeran,2021-10-29
59,9,2021-11-18 16:00:04.739,10,Pepas,2B4GHvToeLTOBB4QLzW3Ni,La 167,Farruko,2021-10-01
60,10,2021-11-18 16:00:04.739,11,Enemy (with JID) - from the series Arcane League of Legends,1r9xUipOqoNwggBpENDsvJ,Enemy (with JID) [from the series Arcane League of Legends],Imagine Dragons,2021-10-28
61,11,2021-11-18 16:00:04.739,12,One Right Now (with The Weeknd),00Blm7zeNqgYLPtW6zg8cj,One Right Now,Post Malone,2021-11-05
62,12,2021-11-18 16:00:04.739,13,MONEY,7hU3IHwjX150XLoTVmjD0q,LALISA,LISA,2021-09-10
63,13,2021-11-18 16:00:04.739,14,My Universe,46HNZY1i7O6jwTA7Slo2PI,Music Of The Spheres,Coldplay,2021-10-15
64,14,2021-11-18 16:00:04.739,15,Woman,6Uj1ctrBOjOas8xZXGqKk4,Planet Her,Doja Cat,2021-06-25
65,15,2021-11-18 16:00:04.739,16,love nwantiti (ah ah ah),2Xr1dTzJee307rmrkt8c0g,CKay The First,CKay,2019-08-30
66,16,2021-11-18 16:00:04.739,17,love nwantiti (feat. Dj Yo! & AX'EL) - Remix,4gvrJnKCKIPiacNsWVQwEU,love nwantiti (feat. Dj Yo! & AX'EL) [Remix],CKay,2021-09-09
67,17,2021-11-18 16:00:04.739,18,SAD GIRLZ LUV MONEY Remix (feat. Kali Uchis and Moliy),15HMh4yxdf4wyxSZSlOgGZ,SAD GIRLZ LUV MONEY Remix (feat. Kali Uchis and Moliy),Amaarae,2021-09-16
68,18,2021-11-18 16:00:04.739,19,good 4 u,4ZtFanR9U6ndgddUvNcjcG,SOUR,Olivia Rodrigo,2021-05-21
69,19,2021-11-18 16:00:04.739,20,Toxic,2gQPv5jvVPqU2a9HhMNO1v,Toxic,BoyWithUke,2021-10-29
70,20,2021-11-18 16:00:04.739,21,Need to Know,3Vi5XqYrmQgOYBajMWSvCi,Planet Her,Doja Cat,2021-06-25
71,21,2021-11-18 16:00:04.739,22,All Too Well (Taylor's Version),3nsfB1vus2qaloUdcBZvDu,Red (Taylor's Version),Taylor Swift,2021-11-12
72,22,2021-11-18 16:00:04.739,23,THATS WHAT I WANT,0e8nrvls4Qqv5Rfa2UhqmO,MONTERO,Lil Nas X,2021-09-17
73,23,2021-11-18 16:00:04.739,24,Moth To A Flame (with The Weeknd),2gpWyfu7eZ01zzncHpxOtA,Moth To A Flame,Swedish House Mafia,2021-10-22
74,24,2021-11-18 16:00:04.739,25,Beggin',3Wrjm47oTz2sjIgck11l5e,Chosen,Måneskin,2017-12-08
75,25,2021-11-18 16:00:04.739,26,Happier Than Ever,4RVwu0g32PAqgUiJoXsdF8,Happier Than Ever,Billie Eilish,2021-07-30
76,26,2021-11-18 16:00:04.739,27,Red (Taylor's Version),4OAuvHryIVv4kMDNSLuPt6,Red (Taylor's Version),Taylor Swift,2021-11-12
77,27,2021-11-18 16:00:04.739,28,Kiss Me More (feat. SZA),3DarAbFujv6eYNliUTyqtz,Planet Her,Doja Cat,2021-06-25
78,28,2021-11-18 16:00:04.739,29,Do It To It,20on25jryn53hWghthWWW3,Do It To It,ACRAZE,2021-08-20
79,29,2021-11-18 16:00:04.739,30,Already Dead,7qM1BWAsZMTYh4BcYLb0uQ,Already Dead,Juice WRLD,2021-11-12
80,30,2021-11-18 16:00:04.739,31,MONTERO (Call Me By Your Name),1SC5rEoYDGUK4NfG82494W,MONTERO,Lil Nas X,2021-09-17
81,31,2021-11-18 16:00:04.739,32,LA FAMA (with The Weeknd),6dmXZ9B5HdFAyzHeTneYBK,LA FAMA (with The Weeknd),ROSALÍA,2021-11-11
82,32,2021-11-18 16:00:04.739,33,Ghost,6I3mqTwhRpn34SLVafSH7G,Justice,Justin Bieber,2021-03-19
83,33,2021-11-18 16:00:04.739,34,Blinding Lights,0VjIjW4GlUZAMYd2vXMi3b,After Hours,The Weeknd,2020-03-20
84,34,2021-11-18 16:00:04.739,35,Lo Siento BB:/ (with Bad Bunny & Julieta Venegas),4gzsuuZypVbxs0Af1LSZyB,Lo Siento BB:/ (with Bad Bunny & Julieta Venegas),Tainy,2021-10-05
85,35,2021-11-18 16:00:04.739,36,Where Are You Now,3uUuGVFu1V7jTQL60S1r8z,Where Are You Now,Lost Frequencies,2021-07-30
86,36,2021-11-18 16:00:04.739,37,Nothing New (feat. Phoebe Bridgers) (Taylor’s Version) (From The Vault),01K4zKU104LyJ8gMb7227B,Red (Taylor's Version),Taylor Swift,2021-11-12
87,37,2021-11-18 16:00:04.739,38,Life Goes On,0eu4C55hL6x29mmeAjytzC,"Ugly is Beautiful: Shorter, Thicker & Uglier (Deluxe)",Oliver Tree,2021-05-28
88,38,2021-11-18 16:00:04.739,39,I Bet You Think About Me (feat. Chris Stapleton) (Taylor’s Version) (From The Vault),4CkgMiMqZ5JzW9iYXSTMTL,Red (Taylor's Version),Taylor Swift,2021-11-12
89,39,2021-11-18 16:00:04.739,40,Leave The Door Open,1LPSkqVhWVRUkKE03YUkpB,An Evening With Silk Sonic,Bruno Mars,2021-11-11
90,40,2021-11-18 16:00:04.739,41,Yonaguni,2JPLbjOn0wPCngEot2STUS,Yonaguni,Bad Bunny,2021-06-04
91,41,2021-11-18 16:00:04.739,42,Run (feat. Ed Sheeran) (Taylor’s Version) (From The Vault),4IQkfUsrwXol38VV3U7t7T,Red (Taylor's Version),Taylor Swift,2021-11-12
92,42,2021-11-18 16:00:04.739,43,Meet Me At Our Spot,07MDkzWARZaLEdKxo6yArG,THE ANXIETY,THE ANXIETY,2020-03-13
93,43,2021-11-18 16:00:04.739,44,Better Days (NEIKED x Mae Muller x Polo G),6f5ExP43esnvdKPddwKXJH,Better Days (NEIKED x Mae Muller x Polo G),NEIKED,2021-09-24
94,44,2021-11-18 16:00:04.739,45,traitor,5CZ40GBx1sQ9agT82CLQCT,SOUR,Olivia Rodrigo,2021-05-21
95,45,2021-11-18 16:00:04.739,46,I Love You So,4SqWKzw0CbA05TGszDgMlc,I Love You So,The Walters,2014-11-28
96,46,2021-11-18 16:00:04.739,47,abcdefu,4fouWK6XVHhzl78KzQ1UjL,abcdefu,GAYLE,2021-08-13
97,47,2021-11-18 16:00:04.739,48,Enchanted,04S1pkp1VaIqjg8zZqknR5,Speak Now,Taylor Swift,2010-01-01
98,48,2021-11-18 16:00:04.739,49,I Knew You Were Trouble (Taylor's Version),6AtZLIzUINvExIUy4QhdjP,Red (Taylor's Version),Taylor Swift,2021-11-12
99,49,2021-11-18 16:00:04.739,50,Sweater Weather,2QjOHCTQ1Jl3zawyYOpxh6,I Love You.,The Neighbourhood,2013-04-19
100,0,2021-11-19 16:00:02.631,1,Easy On Me,0gplL1WMoJ6iYaPgMCL0gX,Easy On Me,Adele,2021-10-14
101,1,2021-11-19 16:00:02.631,2,All Too Well (10 Minute Version) (Taylor's Version) (From The Vault),5enxwA8aAbwZbf5qCHORXi,Red (Taylor's Version),Taylor Swift,2021-11-12
102,2,2021-11-19 16:00:02.631,3,STAY (with Justin Bieber),5PjdY0CKGZdEuoNab3yDmX,F*CK LOVE 3: OVER YOU,The Kid LAROI,2021-07-23
103,3,2021-11-19 16:00:02.631,4,INDUSTRY BABY (feat. Jack Harlow),5Z9KJZvQzH6PFmb8SNkxuk,MONTERO,Lil Nas X,2021-09-17
104,4,2021-11-19 16:00:02.631,5,Cold Heart - PNAU Remix,7rglLriMNBPAyuJOMGwi39,The Lockdown Sessions,Elton John,2021-10-22
105,5,2021-11-19 16:00:02.631,6,Heat Waves,02MWAaffLxlfxAUY7c5dvx,Dreamland (+ Bonus Levels),Glass Animals,2020-08-06
106,6,2021-11-19 16:00:02.631,7,Shivers,50nfwKoDiSYg8zOCREWAm5,=,Ed Sheeran,2021-10-29
107,7,2021-11-19 16:00:02.631,8,Bad Habits,3rmo8F54jFF8OgYsqTxm5d,=,Ed Sheeran,2021-10-29
108,8,2021-11-19 16:00:02.631,9,Pepas,2B4GHvToeLTOBB4QLzW3Ni,La 167,Farruko,2021-10-01
109,9,2021-11-19 16:00:02.631,10,Smokin Out The Window,7sMBvZCSUl99bJLXZaLa0b,An Evening With Silk Sonic,Bruno Mars,2021-11-11
110,10,2021-11-19 16:00:02.631,11,Enemy (with JID) - from the series Arcane League of Legends,1r9xUipOqoNwggBpENDsvJ,Enemy (with JID) [from the series Arcane League of Legends],Imagine Dragons,2021-10-28
111,11,2021-11-19 16:00:02.631,12,MONEY,7hU3IHwjX150XLoTVmjD0q,LALISA,LISA,2021-09-10
112,12,2021-11-19 16:00:02.631,13,My Universe,46HNZY1i7O6jwTA7Slo2PI,Music Of The Spheres,Coldplay,2021-10-15
113,13,2021-11-19 16:00:02.631,14,One Right Now (with The Weeknd),00Blm7zeNqgYLPtW6zg8cj,One Right Now,Post Malone,2021-11-05
114,14,2021-11-19 16:00:02.631,15,Woman,6Uj1ctrBOjOas8xZXGqKk4,Planet Her,Doja Cat,2021-06-25
115,15,2021-11-19 16:00:02.631,16,love nwantiti (ah ah ah),2Xr1dTzJee307rmrkt8c0g,CKay The First,CKay,2019-08-30
116,16,2021-11-19 16:00:02.631,17,love nwantiti (feat. Dj Yo! & AX'EL) - Remix,4gvrJnKCKIPiacNsWVQwEU,love nwantiti (feat. Dj Yo! & AX'EL) [Remix],CKay,2021-09-09
117,17,2021-11-19 16:00:02.631,18,SAD GIRLZ LUV MONEY Remix (feat. Kali Uchis and Moliy),09gysnJpfQ3ublBmJDfcEC,SAD GIRLZ LUV MONEY Remix (feat. Kali Uchis and Moliy),Amaarae,2021-09-16
118,18,2021-11-19 16:00:02.631,19,Toxic,2gQPv5jvVPqU2a9HhMNO1v,Toxic,BoyWithUke,2021-10-29
119,19,2021-11-19 16:00:02.631,20,good 4 u,4ZtFanR9U6ndgddUvNcjcG,SOUR,Olivia Rodrigo,2021-05-21
120,20,2021-11-19 16:00:02.631,21,Need to Know,3Vi5XqYrmQgOYBajMWSvCi,Planet Her,Doja Cat,2021-06-25
121,21,2021-11-19 16:00:02.631,22,THATS WHAT I WANT,0e8nrvls4Qqv5Rfa2UhqmO,MONTERO,Lil Nas X,2021-09-17
122,22,2021-11-19 16:00:02.631,23,Do It To It,20on25jryn53hWghthWWW3,Do It To It,ACRAZE,2021-08-20
123,23,2021-11-19 16:00:02.631,24,Beggin',3Wrjm47oTz2sjIgck11l5e,Chosen,Måneskin,2017-12-08
124,24,2021-11-19 16:00:02.631,25,Moth To A Flame (with The Weeknd),2gpWyfu7eZ01zzncHpxOtA,Moth To A Flame,Swedish House Mafia,2021-10-22
125,25,2021-11-19 16:00:02.631,26,Happier Than Ever,4RVwu0g32PAqgUiJoXsdF8,Happier Than Ever,Billie Eilish,2021-07-30
126,26,2021-11-19 16:00:02.631,27,Kiss Me More (feat. SZA),3DarAbFujv6eYNliUTyqtz,Planet Her,Doja Cat,2021-06-25
127,27,2021-11-19 16:00:02.631,28,MONTERO (Call Me By Your Name),1SC5rEoYDGUK4NfG82494W,MONTERO,Lil Nas X,2021-09-17
128,28,2021-11-19 16:00:02.631,29,All Too Well (Taylor's Version),3nsfB1vus2qaloUdcBZvDu,Red (Taylor's Version),Taylor Swift,2021-11-12
129,29,2021-11-19 16:00:02.631,30,LA FAMA (with The Weeknd),6dmXZ9B5HdFAyzHeTneYBK,LA FAMA (with The Weeknd),ROSALÍA,2021-11-11
130,30,2021-11-19 16:00:02.631,31,Ghost,6I3mqTwhRpn34SLVafSH7G,Justice,Justin Bieber,2021-03-19
131,31,2021-11-19 16:00:02.631,32,Already Dead,7qM1BWAsZMTYh4BcYLb0uQ,Already Dead,Juice WRLD,2021-11-12
132,32,2021-11-19 16:00:02.631,33,Lo Siento BB:/ (with Bad Bunny & Julieta Venegas),4gzsuuZypVbxs0Af1LSZyB,Lo Siento BB:/ (with Bad Bunny & Julieta Venegas),Tainy,2021-10-05
133,33,2021-11-19 16:00:02.631,34,Red (Taylor's Version),4OAuvHryIVv4kMDNSLuPt6,Red (Taylor's Version),Taylor Swift,2021-11-12
134,34,2021-11-19 16:00:02.631,35,Blinding Lights,0VjIjW4GlUZAMYd2vXMi3b,After Hours,The Weeknd,2020-03-20
135,35,2021-11-19 16:00:02.631,36,Where Are You Now,3uUuGVFu1V7jTQL60S1r8z,Where Are You Now,Lost Frequencies,2021-07-30
136,36,2021-11-19 16:00:02.631,37,Yonaguni,2JPLbjOn0wPCngEot2STUS,Yonaguni,Bad Bunny,2021-06-04
137,37,2021-11-19 16:00:02.631,38,abcdefu,4fouWK6XVHhzl78KzQ1UjL,abcdefu,GAYLE,2021-08-13
138,38,2021-11-19 16:00:02.631,39,Life Goes On,0eu4C55hL6x29mmeAjytzC,"Ugly is Beautiful: Shorter, Thicker & Uglier (Deluxe)",Oliver Tree,2021-05-28
139,39,2021-11-19 16:00:02.631,40,Meet Me At Our Spot,07MDkzWARZaLEdKxo6yArG,THE ANXIETY,THE ANXIETY,2020-03-13
140,40,2021-11-19 16:00:02.631,41,Leave The Door Open,1LPSkqVhWVRUkKE03YUkpB,An Evening With Silk Sonic,Bruno Mars,2021-11-11
141,41,2021-11-19 16:00:02.631,42,Better Days (NEIKED x Mae Muller x Polo G),6f5ExP43esnvdKPddwKXJH,Better Days (NEIKED x Mae Muller x Polo G),NEIKED,2021-09-24
142,42,2021-11-19 16:00:02.631,43,traitor,5CZ40GBx1sQ9agT82CLQCT,SOUR,Olivia Rodrigo,2021-05-21
143,43,2021-11-19 16:00:02.631,44,All Too Well (Sad Girl Autumn Version) - Recorded at Long Pond Studios,1n3b9Eekoy3S9ZSZ5DmTW1,All Too Well (Sad Girl Autumn Version) - Recorded at Long Pond Studios,Taylor Swift,2021-11-18
144,44,2021-11-19 16:00:02.631,45,I Love You So,4SqWKzw0CbA05TGszDgMlc,I Love You So,The Walters,2014-11-28
145,45,2021-11-19 16:00:02.631,46,Enchanted,04S1pkp1VaIqjg8zZqknR5,Speak Now,Taylor Swift,2010-01-01
146,46,2021-11-19 16:00:02.631,47,Run (feat. Ed Sheeran) (Taylor’s Version) (From The Vault),4IQkfUsrwXol38VV3U7t7T,Red (Taylor's Version),Taylor Swift,2021-11-12
147,47,2021-11-19 16:00:02.631,48,I Bet You Think About Me (feat. Chris Stapleton) (Taylor’s Version) (From The Vault),4CkgMiMqZ5JzW9iYXSTMTL,Red (Taylor's Version),Taylor Swift,2021-11-12
148,48,2021-11-19 16:00:02.631,49,Nothing New (feat. Phoebe Bridgers) (Taylor’s Version) (From The Vault),01K4zKU104LyJ8gMb7227B,Red (Taylor's Version),Taylor Swift,2021-11-12
149,49,2021-11-19 16:00:02.631,50,Todo De Ti,5RwV8BvLfX5injfqYodke9,VICE VERSA,Rauw Alejandro,2021-06-25
150,0,2021-11-20 16:00:02.889,1,Easy On Me,46IZ0fSY2mpAiktS3KOqds,30,Adele,2021-11-19
151,1,2021-11-20 16:00:02.889,2,Oh My God,3Kkjo3cT83cw09VJyrLNwX,30,Adele,2021-11-19
152,2,2021-11-20 16:00:02.889,3,Strangers By Nature,13CVSGLSFl4UxpDVR6u3dq,30,Adele,2021-11-19
153,3,2021-11-20 16:00:02.889,4,STAY (with Justin Bieber),5PjdY0CKGZdEuoNab3yDmX,F*CK LOVE 3: OVER YOU,The Kid LAROI,2021-07-23
154,4,2021-11-20 16:00:02.889,5,My Little Love,2DuPBbS5mIldXnh7Wum8Cy,30,Adele,2021-11-19
155,5,2021-11-20 16:00:02.889,6,All Too Well (10 Minute Version) (Taylor's Version) (From The Vault),5enxwA8aAbwZbf5qCHORXi,Red (Taylor's Version),Taylor Swift,2021-11-12
156,6,2021-11-20 16:00:02.889,7,Can I Get It,6w8ZPYdnGajyfPddTWdthN,30,Adele,2021-11-19
157,7,2021-11-20 16:00:02.889,8,I Drink Wine,6v0UJD4a2FtleHeSYVX02A,30,Adele,2021-11-19
158,8,2021-11-20 16:00:02.889,9,INDUSTRY BABY (feat. Jack Harlow),5Z9KJZvQzH6PFmb8SNkxuk,MONTERO,Lil Nas X,2021-09-17
159,9,2021-11-20 16:00:02.889,10,Cry Your Heart Out,09u787BYeYIGd2mFIJ505t,30,Adele,2021-11-19
160,10,2021-11-20 16:00:02.889,11,Cold Heart - PNAU Remix,7rglLriMNBPAyuJOMGwi39,The Lockdown Sessions,Elton John,2021-10-22
161,11,2021-11-20 16:00:02.889,12,Heat Waves,02MWAaffLxlfxAUY7c5dvx,Dreamland (+ Bonus Levels),Glass Animals,2020-08-06
162,12,2021-11-20 16:00:02.889,13,To Be Loved,10ImcQk9tihY1EKMDIbvXJ,30,Adele,2021-11-19
163,13,2021-11-20 16:00:02.889,14,Shivers,50nfwKoDiSYg8zOCREWAm5,=,Ed Sheeran,2021-10-29
164,14,2021-11-20 16:00:02.889,15,All Night Parking (with Erroll Garner) Interlude,496vIKS2INz840xZaKncvR,30,Adele,2021-11-19
165,15,2021-11-20 16:00:02.889,16,Woman Like Me,2c6xRsQBv7pynuhYhWoHxo,30,Adele,2021-11-19
166,16,2021-11-20 16:00:02.889,17,Hold On,6bGMSP3H9YqkmaLnaJTIoF,30,Adele,2021-11-19
167,17,2021-11-20 16:00:02.889,18,Pepas,2B4GHvToeLTOBB4QLzW3Ni,La 167,Farruko,2021-10-01
168,18,2021-11-20 16:00:02.889,19,Bad Habits,3rmo8F54jFF8OgYsqTxm5d,=,Ed Sheeran,2021-10-29
169,19,2021-11-20 16:00:02.889,20,Smokin Out The Window,7sMBvZCSUl99bJLXZaLa0b,An Evening With Silk Sonic,Bruno Mars,2021-11-11
170,20,2021-11-20 16:00:02.889,21,Love Is A Game,2j3GxEsbNYNeEzz86wDY4J,30,Adele,2021-11-19
171,21,2021-11-20 16:00:02.889,22,Enemy (with JID) - from the series Arcane League of Legends,1r9xUipOqoNwggBpENDsvJ,Enemy (with JID) [from the series Arcane League of Legends],Imagine Dragons,2021-10-28
172,22,2021-11-20 16:00:02.889,23,MONEY,7hU3IHwjX150XLoTVmjD0q,LALISA,LISA,2021-09-10
173,23,2021-11-20 16:00:02.889,24,My Universe,46HNZY1i7O6jwTA7Slo2PI,Music Of The Spheres,Coldplay,2021-10-15
174,24,2021-11-20 16:00:02.889,25,Woman,6Uj1ctrBOjOas8xZXGqKk4,Planet Her,Doja Cat,2021-06-25
175,25,2021-11-20 16:00:02.889,26,One Right Now (with The Weeknd),00Blm7zeNqgYLPtW6zg8cj,One Right Now,Post Malone,2021-11-05
176,26,2021-11-20 16:00:02.889,27,love nwantiti (ah ah ah),2Xr1dTzJee307rmrkt8c0g,CKay The First,CKay,2019-08-30
177,27,2021-11-20 16:00:02.889,28,Do It To It,20on25jryn53hWghthWWW3,Do It To It,ACRAZE,2021-08-20
178,28,2021-11-20 16:00:02.889,29,love nwantiti (feat. Dj Yo! & AX'EL) - Remix,4gvrJnKCKIPiacNsWVQwEU,love nwantiti (feat. Dj Yo! & AX'EL) [Remix],CKay,2021-09-09
179,29,2021-11-20 16:00:02.889,30,SAD GIRLZ LUV MONEY Remix (feat. Kali Uchis and Moliy),09gysnJpfQ3ublBmJDfcEC,SAD GIRLZ LUV MONEY Remix (feat. Kali Uchis and Moliy),Amaarae,2021-09-16
180,30,2021-11-20 16:00:02.889,31,good 4 u,4ZtFanR9U6ndgddUvNcjcG,SOUR,Olivia Rodrigo,2021-05-21
181,31,2021-11-20 16:00:02.889,32,THATS WHAT I WANT,0e8nrvls4Qqv5Rfa2UhqmO,MONTERO,Lil Nas X,2021-09-17
182,32,2021-11-20 16:00:02.889,33,Beggin',3Wrjm47oTz2sjIgck11l5e,Chosen,Måneskin,2017-12-08
183,33,2021-11-20 16:00:02.889,34,Need to Know,3Vi5XqYrmQgOYBajMWSvCi,Planet Her,Doja Cat,2021-06-25
184,34,2021-11-20 16:00:02.889,35,abcdefu,4fouWK6XVHhzl78KzQ1UjL,abcdefu,GAYLE,2021-08-13
185,35,2021-11-20 16:00:02.889,36,Toxic,2gQPv5jvVPqU2a9HhMNO1v,Toxic,BoyWithUke,2021-10-29
186,36,2021-11-20 16:00:02.889,37,Moth To A Flame (with The Weeknd),2gpWyfu7eZ01zzncHpxOtA,Moth To A Flame,Swedish House Mafia,2021-10-22
187,37,2021-11-20 16:00:02.889,38,Kiss Me More (feat. SZA),3DarAbFujv6eYNliUTyqtz,Planet Her,Doja Cat,2021-06-25
188,38,2021-11-20 16:00:02.889,39,MONTERO (Call Me By Your Name),1SC5rEoYDGUK4NfG82494W,MONTERO,Lil Nas X,2021-09-17
189,39,2021-11-20 16:00:02.889,40,Ghost,6I3mqTwhRpn34SLVafSH7G,Justice,Justin Bieber,2021-03-19
190,40,2021-11-20 16:00:02.889,41,Happier Than Ever,4RVwu0g32PAqgUiJoXsdF8,Happier Than Ever,Billie Eilish,2021-07-30
191,41,2021-11-20 16:00:02.889,42,Where Are You Now,3uUuGVFu1V7jTQL60S1r8z,Where Are You Now,Lost Frequencies,2021-07-30
192,42,2021-11-20 16:00:02.889,43,LA FAMA (with The Weeknd),6dmXZ9B5HdFAyzHeTneYBK,LA FAMA (with The Weeknd),ROSALÍA,2021-11-11
193,43,2021-11-20 16:00:02.889,44,Lo Siento BB:/ (with Bad Bunny & Julieta Venegas),4gzsuuZypVbxs0Af1LSZyB,Lo Siento BB:/ (with Bad Bunny & Julieta Venegas),Tainy,2021-10-05
194,44,2021-11-20 16:00:02.889,45,Blinding Lights,0VjIjW4GlUZAMYd2vXMi3b,After Hours,The Weeknd,2020-03-20
195,45,2021-11-20 16:00:02.889,46,Yonaguni,2JPLbjOn0wPCngEot2STUS,Yonaguni,Bad Bunny,2021-06-04
196,46,2021-11-20 16:00:02.889,47,Already Dead,7qM1BWAsZMTYh4BcYLb0uQ,Already Dead,Juice WRLD,2021-11-12
197,47,2021-11-20 16:00:02.889,48,Life Goes On,0eu4C55hL6x29mmeAjytzC,"Ugly is Beautiful: Shorter, Thicker & Uglier (Deluxe)",Oliver Tree,2021-05-28
198,48,2021-11-20 16:00:02.889,49,Meet Me At Our Spot,07MDkzWARZaLEdKxo6yArG,THE ANXIETY,THE ANXIETY,2020-03-13
199,49,2021-11-20 16:00:02.889,50,All Too Well (Taylor's Version),3nsfB1vus2qaloUdcBZvDu,Red (Taylor's Version),Taylor Swift,2021-11-12
200,0,2021-11-21 16:00:02.386,1,Easy On Me,46IZ0fSY2mpAiktS3KOqds,30,Adele,2021-11-19
201,1,2021-11-21 16:00:02.386,2,STAY (with Justin Bieber),5PjdY0CKGZdEuoNab3yDmX,F*CK LOVE 3: OVER YOU,The Kid LAROI,2021-07-23
202,2,2021-11-21 16:00:02.386,3,Oh My God,3Kkjo3cT83cw09VJyrLNwX,30,Adele,2021-11-19
203,3,2021-11-21 16:00:02.386,4,INDUSTRY BABY (feat. Jack Harlow),5Z9KJZvQzH6PFmb8SNkxuk,MONTERO,Lil Nas X,2021-09-17
204,4,2021-11-21 16:00:02.386,5,All Too Well (10 Minute Version) (Taylor's Version) (From The Vault),5enxwA8aAbwZbf5qCHORXi,Red (Taylor's Version),Taylor Swift,2021-11-12
205,5,2021-11-21 16:00:02.386,6,Cold Heart - PNAU Remix,7rglLriMNBPAyuJOMGwi39,The Lockdown Sessions,Elton John,2021-10-22
206,6,2021-11-21 16:00:02.386,7,Heat Waves,02MWAaffLxlfxAUY7c5dvx,Dreamland (+ Bonus Levels),Glass Animals,2020-08-06
207,7,2021-11-21 16:00:02.386,8,Shivers,50nfwKoDiSYg8zOCREWAm5,=,Ed Sheeran,2021-10-29
208,8,2021-11-21 16:00:02.386,9,Can I Get It,6w8ZPYdnGajyfPddTWdthN,30,Adele,2021-11-19
209,9,2021-11-21 16:00:02.386,10,Pepas,2B4GHvToeLTOBB4QLzW3Ni,La 167,Farruko,2021-10-01
210,10,2021-11-21 16:00:02.386,11,I Drink Wine,6v0UJD4a2FtleHeSYVX02A,30,Adele,2021-11-19
211,11,2021-11-21 16:00:02.386,12,My Little Love,2DuPBbS5mIldXnh7Wum8Cy,30,Adele,2021-11-19
212,12,2021-11-21 16:00:02.386,13,Strangers By Nature,13CVSGLSFl4UxpDVR6u3dq,30,Adele,2021-11-19
213,13,2021-11-21 16:00:02.386,14,To Be Loved,10ImcQk9tihY1EKMDIbvXJ,30,Adele,2021-11-19
214,14,2021-11-21 16:00:02.386,15,Cry Your Heart Out,09u787BYeYIGd2mFIJ505t,30,Adele,2021-11-19
215,15,2021-11-21 16:00:02.386,16,Smokin Out The Window,7sMBvZCSUl99bJLXZaLa0b,An Evening With Silk Sonic,Bruno Mars,2021-11-11
216,16,2021-11-21 16:00:02.386,17,Bad Habits,3rmo8F54jFF8OgYsqTxm5d,=,Ed Sheeran,2021-10-29
217,17,2021-11-21 16:00:02.386,18,Enemy (with JID) - from the series Arcane League of Legends,1r9xUipOqoNwggBpENDsvJ,Enemy (with JID) [from the series Arcane League of Legends],Imagine Dragons,2021-10-28
218,18,2021-11-21 16:00:02.386,19,Woman,6Uj1ctrBOjOas8xZXGqKk4,Planet Her,Doja Cat,2021-06-25
219,19,2021-11-21 16:00:02.386,20,MONEY,7hU3IHwjX150XLoTVmjD0q,LALISA,LISA,2021-09-10
220,20,2021-11-21 16:00:02.386,21,My Universe,46HNZY1i7O6jwTA7Slo2PI,Music Of The Spheres,Coldplay,2021-10-15
221,21,2021-11-21 16:00:02.386,22,love nwantiti (ah ah ah),2Xr1dTzJee307rmrkt8c0g,CKay The First,CKay,2019-08-30
222,22,2021-11-21 16:00:02.386,23,One Right Now (with The Weeknd),00Blm7zeNqgYLPtW6zg8cj,One Right Now,Post Malone,2021-11-05
223,23,2021-11-21 16:00:02.386,24,All Night Parking (with Erroll Garner) Interlude,496vIKS2INz840xZaKncvR,30,Adele,2021-11-19
224,24,2021-11-21 16:00:02.386,25,Woman Like Me,2c6xRsQBv7pynuhYhWoHxo,30,Adele,2021-11-19
225,25,2021-11-21 16:00:02.386,26,Hold On,6bGMSP3H9YqkmaLnaJTIoF,30,Adele,2021-11-19
226,26,2021-11-21 16:00:02.386,27,Do It To It,20on25jryn53hWghthWWW3,Do It To It,ACRAZE,2021-08-20
227,27,2021-11-21 16:00:02.386,28,love nwantiti (feat. Dj Yo! & AX'EL) - Remix,4gvrJnKCKIPiacNsWVQwEU,love nwantiti (feat. Dj Yo! & AX'EL) [Remix],CKay,2021-09-09
228,28,2021-11-21 16:00:02.386,29,Toxic,2gQPv5jvVPqU2a9HhMNO1v,Toxic,BoyWithUke,2021-10-29
229,29,2021-11-21 16:00:02.386,30,good 4 u,4ZtFanR9U6ndgddUvNcjcG,SOUR,Olivia Rodrigo,2021-05-21
230,30,2021-11-21 16:00:02.386,31,Beggin',3Wrjm47oTz2sjIgck11l5e,Chosen,Måneskin,2017-12-08
231,31,2021-11-21 16:00:02.386,32,SAD GIRLZ LUV MONEY Remix (feat. Kali Uchis and Moliy),09gysnJpfQ3ublBmJDfcEC,SAD GIRLZ LUV MONEY Remix (feat. Kali Uchis and Moliy),Amaarae,2021-09-16
232,32,2021-11-21 16:00:02.386,33,Love Is A Game,2j3GxEsbNYNeEzz86wDY4J,30,Adele,2021-11-19
233,33,2021-11-21 16:00:02.386,34,THATS WHAT I WANT,0e8nrvls4Qqv5Rfa2UhqmO,MONTERO,Lil Nas X,2021-09-17
234,34,2021-11-21 16:00:02.386,35,abcdefu,4fouWK6XVHhzl78KzQ1UjL,abcdefu,GAYLE,2021-08-13
235,35,2021-11-21 16:00:02.386,36,Need to Know,3Vi5XqYrmQgOYBajMWSvCi,Planet Her,Doja Cat,2021-06-25
236,36,2021-11-21 16:00:02.386,37,Kiss Me More (feat. SZA),3DarAbFujv6eYNliUTyqtz,Planet Her,Doja Cat,2021-06-25
237,37,2021-11-21 16:00:02.386,38,MONTERO (Call Me By Your Name),1SC5rEoYDGUK4NfG82494W,MONTERO,Lil Nas X,2021-09-17
238,38,2021-11-21 16:00:02.386,39,Ghost,6I3mqTwhRpn34SLVafSH7G,Justice,Justin Bieber,2021-03-19
239,39,2021-11-21 16:00:02.386,40,Moth To A Flame (with The Weeknd),2gpWyfu7eZ01zzncHpxOtA,Moth To A Flame,Swedish House Mafia,2021-10-22
240,40,2021-11-21 16:00:02.386,41,Lo Siento BB:/ (with Bad Bunny & Julieta Venegas),4gzsuuZypVbxs0Af1LSZyB,Lo Siento BB:/ (with Bad Bunny & Julieta Venegas),Tainy,2021-10-05
241,41,2021-11-21 16:00:02.386,42,Where Are You Now,3uUuGVFu1V7jTQL60S1r8z,Where Are You Now,Lost Frequencies,2021-07-30
242,42,2021-11-21 16:00:02.386,43,Yonaguni,2JPLbjOn0wPCngEot2STUS,Yonaguni,Bad Bunny,2021-06-04
243,43,2021-11-21 16:00:02.386,44,Blinding Lights,0VjIjW4GlUZAMYd2vXMi3b,After Hours,The Weeknd,2020-03-20
244,44,2021-11-21 16:00:02.386,45,All I Want for Christmas Is You,0bYg9bo50gSsH3LtXe2SQn,Merry Christmas,Mariah Carey,1994-11-01
245,45,2021-11-21 16:00:02.386,46,Happier Than Ever,4RVwu0g32PAqgUiJoXsdF8,Happier Than Ever,Billie Eilish,2021-07-30
246,46,2021-11-21 16:00:02.386,47,LA FAMA (with The Weeknd),6dmXZ9B5HdFAyzHeTneYBK,LA FAMA (with The Weeknd),ROSALÍA,2021-11-11
247,47,2021-11-21 16:00:02.386,48,Life Goes On,0eu4C55hL6x29mmeAjytzC,"Ugly is Beautiful: Shorter, Thicker & Uglier (Deluxe)",Oliver Tree,2021-05-28
248,48,2021-11-21 16:00:02.386,49,Meet Me At Our Spot,07MDkzWARZaLEdKxo6yArG,THE ANXIETY,THE ANXIETY,2020-03-13
249,49,2021-11-21 16:00:02.386,50,Better Days (NEIKED x Mae Muller x Polo G),6f5ExP43esnvdKPddwKXJH,Better Days (NEIKED x Mae Muller x Polo G),NEIKED,2021-09-24
250,0,2021-11-22 16:00:03.597,1,Easy On Me,46IZ0fSY2mpAiktS3KOqds,30,Adele,2021-11-19
251,1,2021-11-22 16:00:03.597,2,STAY (with Justin Bieber),5PjdY0CKGZdEuoNab3yDmX,F*CK LOVE 3: OVER YOU,The Kid LAROI,2021-07-23
252,2,2021-11-22 16:00:03.597,3,Oh My God,3Kkjo3cT83cw09VJyrLNwX,30,Adele,2021-11-19
253,3,2021-11-22 16:00:03.597,4,INDUSTRY BABY (feat. Jack Harlow),5Z9KJZvQzH6PFmb8SNkxuk,MONTERO,Lil Nas X,2021-09-17
254,4,2021-11-22 16:00:03.597,5,All Too Well (10 Minute Version) (Taylor's Version) (From The Vault),5enxwA8aAbwZbf5qCHORXi,Red (Taylor's Version),Taylor Swift,2021-11-12
255,5,2021-11-22 16:00:03.597,6,Cold Heart - PNAU Remix,7rglLriMNBPAyuJOMGwi39,The Lockdown Sessions,Elton John,2021-10-22
256,6,2021-11-22 16:00:03.597,7,Heat Waves,02MWAaffLxlfxAUY7c5dvx,Dreamland (+ Bonus Levels),Glass Animals,2020-08-06
257,7,2021-11-22 16:00:03.597,8,Shivers,50nfwKoDiSYg8zOCREWAm5,=,Ed Sheeran,2021-10-29
258,8,2021-11-22 16:00:03.597,9,Pepas,2B4GHvToeLTOBB4QLzW3Ni,La 167,Farruko,2021-10-01
259,9,2021-11-22 16:00:03.597,10,Can I Get It,6w8ZPYdnGajyfPddTWdthN,30,Adele,2021-11-19
260,10,2021-11-22 16:00:03.597,11,Bad Habits,3rmo8F54jFF8OgYsqTxm5d,=,Ed Sheeran,2021-10-29
261,11,2021-11-22 16:00:03.597,12,My Little Love,2DuPBbS5mIldXnh7Wum8Cy,30,Adele,2021-11-19
262,12,2021-11-22 16:00:03.597,13,I Drink Wine,6v0UJD4a2FtleHeSYVX02A,30,Adele,2021-11-19
263,13,2021-11-22 16:00:03.597,14,Enemy (with JID) - from the series Arcane League of Legends,1r9xUipOqoNwggBpENDsvJ,Enemy (with JID) [from the series Arcane League of Legends],Imagine Dragons,2021-10-28
264,14,2021-11-22 16:00:03.597,15,Smokin Out The Window,7sMBvZCSUl99bJLXZaLa0b,An Evening With Silk Sonic,Bruno Mars,2021-11-11
265,15,2021-11-22 16:00:03.597,16,Strangers By Nature,13CVSGLSFl4UxpDVR6u3dq,30,Adele,2021-11-19
266,16,2021-11-22 16:00:03.597,17,MONEY,7hU3IHwjX150XLoTVmjD0q,LALISA,LISA,2021-09-10
267,17,2021-11-22 16:00:03.597,18,Woman,6Uj1ctrBOjOas8xZXGqKk4,Planet Her,Doja Cat,2021-06-25
268,18,2021-11-22 16:00:03.597,19,My Universe,46HNZY1i7O6jwTA7Slo2PI,Music Of The Spheres,Coldplay,2021-10-15
269,19,2021-11-22 16:00:03.597,20,Cry Your Heart Out,09u787BYeYIGd2mFIJ505t,30,Adele,2021-11-19
270,20,2021-11-22 16:00:03.597,21,To Be Loved,10ImcQk9tihY1EKMDIbvXJ,30,Adele,2021-11-19
271,21,2021-11-22 16:00:03.597,22,love nwantiti (ah ah ah),2Xr1dTzJee307rmrkt8c0g,CKay The First,CKay,2019-08-30
272,22,2021-11-22 16:00:03.597,23,One Right Now (with The Weeknd),00Blm7zeNqgYLPtW6zg8cj,One Right Now,Post Malone,2021-11-05
273,23,2021-11-22 16:00:03.597,24,Toxic,2gQPv5jvVPqU2a9HhMNO1v,Toxic,BoyWithUke,2021-10-29
274,24,2021-11-22 16:00:03.597,25,abcdefu,4fouWK6XVHhzl78KzQ1UjL,abcdefu,GAYLE,2021-08-13
275,25,2021-11-22 16:00:03.597,26,love nwantiti (feat. Dj Yo! & AX'EL) - Remix,4gvrJnKCKIPiacNsWVQwEU,love nwantiti (feat. Dj Yo! & AX'EL) [Remix],CKay,2021-09-09
276,26,2021-11-22 16:00:03.597,27,good 4 u,4ZtFanR9U6ndgddUvNcjcG,SOUR,Olivia Rodrigo,2021-05-21
277,27,2021-11-22 16:00:03.597,28,All I Want for Christmas Is You,0bYg9bo50gSsH3LtXe2SQn,Merry Christmas,Mariah Carey,1994-11-01
278,28,2021-11-22 16:00:03.597,29,Do It To It,20on25jryn53hWghthWWW3,Do It To It,ACRAZE,2021-08-20
279,29,2021-11-22 16:00:03.597,30,SAD GIRLZ LUV MONEY Remix (feat. Kali Uchis and Moliy),09gysnJpfQ3ublBmJDfcEC,SAD GIRLZ LUV MONEY Remix (feat. Kali Uchis and Moliy),Amaarae,2021-09-16
280,30,2021-11-22 16:00:03.597,31,All Night Parking (with Erroll Garner) Interlude,496vIKS2INz840xZaKncvR,30,Adele,2021-11-19
281,31,2021-11-22 16:00:03.597,32,Need to Know,3Vi5XqYrmQgOYBajMWSvCi,Planet Her,Doja Cat,2021-06-25
282,32,2021-11-22 16:00:03.597,33,Woman Like Me,2c6xRsQBv7pynuhYhWoHxo,30,Adele,2021-11-19
283,33,2021-11-22 16:00:03.597,34,Beggin',3Wrjm47oTz2sjIgck11l5e,Chosen,Måneskin,2017-12-08
284,34,2021-11-22 16:00:03.597,35,THATS WHAT I WANT,0e8nrvls4Qqv5Rfa2UhqmO,MONTERO,Lil Nas X,2021-09-17
285,35,2021-11-22 16:00:03.597,36,Hold On,6bGMSP3H9YqkmaLnaJTIoF,30,Adele,2021-11-19
286,36,2021-11-22 16:00:03.597,37,Kiss Me More (feat. SZA),3DarAbFujv6eYNliUTyqtz,Planet Her,Doja Cat,2021-06-25
287,37,2021-11-22 16:00:03.597,38,MONTERO (Call Me By Your Name),1SC5rEoYDGUK4NfG82494W,MONTERO,Lil Nas X,2021-09-17
288,38,2021-11-22 16:00:03.597,39,Happier Than Ever,4RVwu0g32PAqgUiJoXsdF8,Happier Than Ever,Billie Eilish,2021-07-30
289,39,2021-11-22 16:00:03.597,40,Ghost,6I3mqTwhRpn34SLVafSH7G,Justice,Justin Bieber,2021-03-19
290,40,2021-11-22 16:00:03.597,41,Lo Siento BB:/ (with Bad Bunny & Julieta Venegas),4gzsuuZypVbxs0Af1LSZyB,Lo Siento BB:/ (with Bad Bunny & Julieta Venegas),Tainy,2021-10-05
291,41,2021-11-22 16:00:03.597,42,Yonaguni,2JPLbjOn0wPCngEot2STUS,Yonaguni,Bad Bunny,2021-06-04
292,42,2021-11-22 16:00:03.597,43,Love Is A Game,2j3GxEsbNYNeEzz86wDY4J,30,Adele,2021-11-19
293,43,2021-11-22 16:00:03.597,44,Moth To A Flame (with The Weeknd),2gpWyfu7eZ01zzncHpxOtA,Moth To A Flame,Swedish House Mafia,2021-10-22
294,44,2021-11-22 16:00:03.597,45,Blinding Lights,0VjIjW4GlUZAMYd2vXMi3b,After Hours,The Weeknd,2020-03-20
295,45,2021-11-22 16:00:03.597,46,Life Goes On,0eu4C55hL6x29mmeAjytzC,"Ugly is Beautiful: Shorter, Thicker & Uglier (Deluxe)",Oliver Tree,2021-05-28
296,46,2021-11-22 16:00:03.597,47,Where Are You Now,3uUuGVFu1V7jTQL60S1r8z,Where Are You Now,Lost Frequencies,2021-07-30
297,47,2021-11-22 16:00:03.597,48,LA FAMA (with The Weeknd),6dmXZ9B5HdFAyzHeTneYBK,LA FAMA (with The Weeknd),ROSALÍA,2021-11-11
298,48,2021-11-22 16:00:03.597,49,Meet Me At Our Spot,07MDkzWARZaLEdKxo6yArG,THE ANXIETY,THE ANXIETY,2020-03-13
299,49,2021-11-22 16:00:03.597,50,Better Days (NEIKED x Mae Muller x Polo G),6f5ExP43esnvdKPddwKXJH,Better Days (NEIKED x Mae Muller x Polo G),NEIKED,2021-09-24
300,0,2021-11-23 16:00:03.808,1,Easy On Me,46IZ0fSY2mpAiktS3KOqds,30,Adele,2021-11-19
301,1,2021-11-23 16:00:03.808,2,STAY (with Justin Bieber),5PjdY0CKGZdEuoNab3yDmX,F*CK LOVE 3: OVER YOU,The Kid LAROI,2021-07-23
302,2,2021-11-23 16:00:03.808,3,Oh My God,3Kkjo3cT83cw09VJyrLNwX,30,Adele,2021-11-19
303,3,2021-11-23 16:00:03.808,4,All Too Well (10 Minute Version) (Taylor's Version) (From The Vault),5enxwA8aAbwZbf5qCHORXi,Red (Taylor's Version),Taylor Swift,2021-11-12
304,4,2021-11-23 16:00:03.808,5,INDUSTRY BABY (feat. Jack Harlow),5Z9KJZvQzH6PFmb8SNkxuk,MONTERO,Lil Nas X,2021-09-17
305,5,2021-11-23 16:00:03.808,6,Cold Heart - PNAU Remix,7rglLriMNBPAyuJOMGwi39,The Lockdown Sessions,Elton John,2021-10-22
306,6,2021-11-23 16:00:03.808,7,Heat Waves,02MWAaffLxlfxAUY7c5dvx,Dreamland (+ Bonus Levels),Glass Animals,2020-08-06
307,7,2021-11-23 16:00:03.808,8,Shivers,50nfwKoDiSYg8zOCREWAm5,=,Ed Sheeran,2021-10-29
308,8,2021-11-23 16:00:03.808,9,Can I Get It,6w8ZPYdnGajyfPddTWdthN,30,Adele,2021-11-19
309,9,2021-11-23 16:00:03.808,10,Enemy (with JID) - from the series Arcane League of Legends,1r9xUipOqoNwggBpENDsvJ,Enemy (with JID) [from the series Arcane League of Legends],Imagine Dragons,2021-10-28
310,10,2021-11-23 16:00:03.808,11,I Drink Wine,6v0UJD4a2FtleHeSYVX02A,30,Adele,2021-11-19
311,11,2021-11-23 16:00:03.808,12,My Little Love,2DuPBbS5mIldXnh7Wum8Cy,30,Adele,2021-11-19
312,12,2021-11-23 16:00:03.808,13,Pepas,2B4GHvToeLTOBB4QLzW3Ni,La 167,Farruko,2021-10-01
313,13,2021-11-23 16:00:03.808,14,Bad Habits,3rmo8F54jFF8OgYsqTxm5d,=,Ed Sheeran,2021-10-29
314,14,2021-11-23 16:00:03.808,15,Smokin Out The Window,7sMBvZCSUl99bJLXZaLa0b,An Evening With Silk Sonic,Bruno Mars,2021-11-11
315,15,2021-11-23 16:00:03.808,16,Strangers By Nature,13CVSGLSFl4UxpDVR6u3dq,30,Adele,2021-11-19
316,16,2021-11-23 16:00:03.808,17,abcdefu,4fouWK6XVHhzl78KzQ1UjL,abcdefu,GAYLE,2021-08-13
317,17,2021-11-23 16:00:03.808,18,My Universe,46HNZY1i7O6jwTA7Slo2PI,Music Of The Spheres,Coldplay,2021-10-15
318,18,2021-11-23 16:00:03.808,19,MONEY,7hU3IHwjX150XLoTVmjD0q,LALISA,LISA,2021-09-10
319,19,2021-11-23 16:00:03.808,20,Woman,6Uj1ctrBOjOas8xZXGqKk4,Planet Her,Doja Cat,2021-06-25
320,20,2021-11-23 16:00:03.808,21,Cry Your Heart Out,09u787BYeYIGd2mFIJ505t,30,Adele,2021-11-19
321,21,2021-11-23 16:00:03.808,22,To Be Loved,10ImcQk9tihY1EKMDIbvXJ,30,Adele,2021-11-19
322,22,2021-11-23 16:00:03.808,23,One Right Now (with The Weeknd),00Blm7zeNqgYLPtW6zg8cj,One Right Now,Post Malone,2021-11-05
323,23,2021-11-23 16:00:03.808,24,love nwantiti (ah ah ah),2Xr1dTzJee307rmrkt8c0g,CKay The First,CKay,2019-08-30
324,24,2021-11-23 16:00:03.808,25,Do It To It,20on25jryn53hWghthWWW3,Do It To It,ACRAZE,2021-08-20
325,25,2021-11-23 16:00:03.808,26,Toxic,2gQPv5jvVPqU2a9HhMNO1v,Toxic,BoyWithUke,2021-10-29
326,26,2021-11-23 16:00:03.808,27,good 4 u,4ZtFanR9U6ndgddUvNcjcG,SOUR,Olivia Rodrigo,2021-05-21
327,27,2021-11-23 16:00:03.808,28,All Night Parking (with Erroll Garner) Interlude,496vIKS2INz840xZaKncvR,30,Adele,2021-11-19
328,28,2021-11-23 16:00:03.808,29,Hold On,6bGMSP3H9YqkmaLnaJTIoF,30,Adele,2021-11-19
329,29,2021-11-23 16:00:03.808,30,Woman Like Me,2c6xRsQBv7pynuhYhWoHxo,30,Adele,2021-11-19
330,30,2021-11-23 16:00:03.808,31,SAD GIRLZ LUV MONEY Remix (feat. Kali Uchis and Moliy),09gysnJpfQ3ublBmJDfcEC,SAD GIRLZ LUV MONEY Remix (feat. Kali Uchis and Moliy),Amaarae,2021-09-16
331,31,2021-11-23 16:00:03.808,32,love nwantiti (feat. Dj Yo! & AX'EL) - Remix,4gvrJnKCKIPiacNsWVQwEU,love nwantiti (feat. Dj Yo! & AX'EL) [Remix],CKay,2021-09-09
332,32,2021-11-23 16:00:03.808,33,Need to Know,3Vi5XqYrmQgOYBajMWSvCi,Planet Her,Doja Cat,2021-06-25
333,33,2021-11-23 16:00:03.808,34,THATS WHAT I WANT,0e8nrvls4Qqv5Rfa2UhqmO,MONTERO,Lil Nas X,2021-09-17
334,34,2021-11-23 16:00:03.808,35,Beggin',3Wrjm47oTz2sjIgck11l5e,Chosen,Måneskin,2017-12-08
335,35,2021-11-23 16:00:03.808,36,Kiss Me More (feat. SZA),3DarAbFujv6eYNliUTyqtz,Planet Her,Doja Cat,2021-06-25
336,36,2021-11-23 16:00:03.808,37,Ghost,6I3mqTwhRpn34SLVafSH7G,Justice,Justin Bieber,2021-03-19
337,37,2021-11-23 16:00:03.808,38,Happier Than Ever,4RVwu0g32PAqgUiJoXsdF8,Happier Than Ever,Billie Eilish,2021-07-30
338,38,2021-11-23 16:00:03.808,39,MONTERO (Call Me By Your Name),1SC5rEoYDGUK4NfG82494W,MONTERO,Lil Nas X,2021-09-17
339,39,2021-11-23 16:00:03.808,40,Love Is A Game,2j3GxEsbNYNeEzz86wDY4J,30,Adele,2021-11-19
340,40,2021-11-23 16:00:03.808,41,Moth To A Flame (with The Weeknd),2gpWyfu7eZ01zzncHpxOtA,Moth To A Flame,Swedish House Mafia,2021-10-22
341,41,2021-11-23 16:00:03.808,42,Lo Siento BB:/ (with Bad Bunny & Julieta Venegas),4gzsuuZypVbxs0Af1LSZyB,Lo Siento BB:/ (with Bad Bunny & Julieta Venegas),Tainy,2021-10-05
342,42,2021-11-23 16:00:03.808,43,All I Want for Christmas Is You,0bYg9bo50gSsH3LtXe2SQn,Merry Christmas,Mariah Carey,1994-11-01
343,43,2021-11-23 16:00:03.808,44,Where Are You Now,3uUuGVFu1V7jTQL60S1r8z,Where Are You Now,Lost Frequencies,2021-07-30
344,44,2021-11-23 16:00:03.808,45,LA FAMA (with The Weeknd),6dmXZ9B5HdFAyzHeTneYBK,LA FAMA (with The Weeknd),ROSALÍA,2021-11-11
345,45,2021-11-23 16:00:03.808,46,Blinding Lights,0VjIjW4GlUZAMYd2vXMi3b,After Hours,The Weeknd,2020-03-20
346,46,2021-11-23 16:00:03.808,47,Meet Me At Our Spot,07MDkzWARZaLEdKxo6yArG,THE ANXIETY,THE ANXIETY,2020-03-13
347,47,2021-11-23 16:00:03.808,48,Yonaguni,2JPLbjOn0wPCngEot2STUS,Yonaguni,Bad Bunny,2021-06-04
348,48,2021-11-23 16:00:03.808,49,Life Goes On,0eu4C55hL6x29mmeAjytzC,"Ugly is Beautiful: Shorter, Thicker & Uglier (Deluxe)",Oliver Tree,2021-05-28
349,49,2021-11-23 16:00:03.808,50,Better Days (NEIKED x Mae Muller x Polo G),6f5ExP43esnvdKPddwKXJH,Better Days (NEIKED x Mae Muller x Polo G),NEIKED,2021-09-24
350,0,2021-11-24 16:00:03.607,1,Easy On Me,46IZ0fSY2mpAiktS3KOqds,30,Adele,2021-11-19
351,1,2021-11-24 16:00:03.607,2,STAY (with Justin Bieber),5PjdY0CKGZdEuoNab3yDmX,F*CK LOVE 3: OVER YOU,The Kid LAROI,2021-07-23
352,2,2021-11-24 16:00:03.607,3,Oh My God,3Kkjo3cT83cw09VJyrLNwX,30,Adele,2021-11-19
353,3,2021-11-24 16:00:03.607,4,All Too Well (10 Minute Version) (Taylor's Version) (From The Vault),5enxwA8aAbwZbf5qCHORXi,Red (Taylor's Version),Taylor Swift,2021-11-12
354,4,2021-11-24 16:00:03.607,5,INDUSTRY BABY (feat. Jack Harlow),5Z9KJZvQzH6PFmb8SNkxuk,MONTERO,Lil Nas X,2021-09-17
355,5,2021-11-24 16:00:03.607,6,Cold Heart - PNAU Remix,7rglLriMNBPAyuJOMGwi39,The Lockdown Sessions,Elton John,2021-10-22
356,6,2021-11-24 16:00:03.607,7,Heat Waves,02MWAaffLxlfxAUY7c5dvx,Dreamland (+ Bonus Levels),Glass Animals,2020-08-06
357,7,2021-11-24 16:00:03.607,8,Shivers,50nfwKoDiSYg8zOCREWAm5,=,Ed Sheeran,2021-10-29
358,8,2021-11-24 16:00:03.607,9,Enemy (with JID) - from the series Arcane League of Legends,1r9xUipOqoNwggBpENDsvJ,Enemy (with JID) [from the series Arcane League of Legends],Imagine Dragons,2021-10-28
359,9,2021-11-24 16:00:03.607,10,Bad Habits,3rmo8F54jFF8OgYsqTxm5d,=,Ed Sheeran,2021-10-29
360,10,2021-11-24 16:00:03.607,11,abcdefu,4fouWK6XVHhzl78KzQ1UjL,abcdefu,GAYLE,2021-08-13
361,11,2021-11-24 16:00:03.607,12,Pepas,2B4GHvToeLTOBB4QLzW3Ni,La 167,Farruko,2021-10-01
362,12,2021-11-24 16:00:03.607,13,Can I Get It,6w8ZPYdnGajyfPddTWdthN,30,Adele,2021-11-19
363,13,2021-11-24 16:00:03.607,14,Smokin Out The Window,7sMBvZCSUl99bJLXZaLa0b,An Evening With Silk Sonic,Bruno Mars,2021-11-11
364,14,2021-11-24 16:00:03.607,15,My Universe,46HNZY1i7O6jwTA7Slo2PI,Music Of The Spheres,Coldplay,2021-10-15
365,15,2021-11-24 16:00:03.607,16,I Drink Wine,6v0UJD4a2FtleHeSYVX02A,30,Adele,2021-11-19
366,16,2021-11-24 16:00:03.607,17,My Little Love,2DuPBbS5mIldXnh7Wum8Cy,30,Adele,2021-11-19
367,17,2021-11-24 16:00:03.607,18,Woman,6Uj1ctrBOjOas8xZXGqKk4,Planet Her,Doja Cat,2021-06-25
368,18,2021-11-24 16:00:03.607,19,MONEY,7hU3IHwjX150XLoTVmjD0q,LALISA,LISA,2021-09-10
369,19,2021-11-24 16:00:03.607,20,One Right Now (with The Weeknd),00Blm7zeNqgYLPtW6zg8cj,One Right Now,Post Malone,2021-11-05
370,20,2021-11-24 16:00:03.607,21,Do It To It,20on25jryn53hWghthWWW3,Do It To It,ACRAZE,2021-08-20
371,21,2021-11-24 16:00:03.607,22,love nwantiti (ah ah ah),2Xr1dTzJee307rmrkt8c0g,CKay The First,CKay,2019-08-30
372,22,2021-11-24 16:00:03.607,23,good 4 u,4ZtFanR9U6ndgddUvNcjcG,SOUR,Olivia Rodrigo,2021-05-21
373,23,2021-11-24 16:00:03.607,24,Toxic,2gQPv5jvVPqU2a9HhMNO1v,Toxic,BoyWithUke,2021-10-29
374,24,2021-11-24 16:00:03.607,25,Strangers By Nature,13CVSGLSFl4UxpDVR6u3dq,30,Adele,2021-11-19
375,25,2021-11-24 16:00:03.607,26,SAD GIRLZ LUV MONEY Remix (feat. Kali Uchis and Moliy),09gysnJpfQ3ublBmJDfcEC,SAD GIRLZ LUV MONEY Remix (feat. Kali Uchis and Moliy),Amaarae,2021-09-16
376,26,2021-11-24 16:00:03.607,27,love nwantiti (feat. Dj Yo! & AX'EL) - Remix,4gvrJnKCKIPiacNsWVQwEU,love nwantiti (feat. Dj Yo! & AX'EL) [Remix],CKay,2021-09-09
377,27,2021-11-24 16:00:03.607,28,Cry Your Heart Out,09u787BYeYIGd2mFIJ505t,30,Adele,2021-11-19
378,28,2021-11-24 16:00:03.607,29,THATS WHAT I WANT,0e8nrvls4Qqv5Rfa2UhqmO,MONTERO,Lil Nas X,2021-09-17
379,29,2021-11-24 16:00:03.607,30,To Be Loved,10ImcQk9tihY1EKMDIbvXJ,30,Adele,2021-11-19
380,30,2021-11-24 16:00:03.607,31,Need to Know,3Vi5XqYrmQgOYBajMWSvCi,Planet Her,Doja Cat,2021-06-25
381,31,2021-11-24 16:00:03.607,32,Kiss Me More (feat. SZA),3DarAbFujv6eYNliUTyqtz,Planet Her,Doja Cat,2021-06-25
382,32,2021-11-24 16:00:03.607,33,Beggin',3Wrjm47oTz2sjIgck11l5e,Chosen,Måneskin,2017-12-08
383,33,2021-11-24 16:00:03.607,34,Happier Than Ever,4RVwu0g32PAqgUiJoXsdF8,Happier Than Ever,Billie Eilish,2021-07-30
384,34,2021-11-24 16:00:03.607,35,Ghost,6I3mqTwhRpn34SLVafSH7G,Justice,Justin Bieber,2021-03-19
385,35,2021-11-24 16:00:03.607,36,MONTERO (Call Me By Your Name),1SC5rEoYDGUK4NfG82494W,MONTERO,Lil Nas X,2021-09-17
386,36,2021-11-24 16:00:03.607,37,Moth To A Flame (with The Weeknd),2gpWyfu7eZ01zzncHpxOtA,Moth To A Flame,Swedish House Mafia,2021-10-22
387,37,2021-11-24 16:00:03.607,38,Lo Siento BB:/ (with Bad Bunny & Julieta Venegas),4gzsuuZypVbxs0Af1LSZyB,Lo Siento BB:/ (with Bad Bunny & Julieta Venegas),Tainy,2021-10-05
388,38,2021-11-24 16:00:03.607,39,All I Want for Christmas Is You,0bYg9bo50gSsH3LtXe2SQn,Merry Christmas,Mariah Carey,1994-11-01
389,39,2021-11-24 16:00:03.607,40,Hold On,6bGMSP3H9YqkmaLnaJTIoF,30,Adele,2021-11-19
390,40,2021-11-24 16:00:03.607,41,All Night Parking (with Erroll Garner) Interlude,496vIKS2INz840xZaKncvR,30,Adele,2021-11-19
391,41,2021-11-24 16:00:03.607,42,Where Are You Now,3uUuGVFu1V7jTQL60S1r8z,Where Are You Now,Lost Frequencies,2021-07-30
392,42,2021-11-24 16:00:03.607,43,Woman Like Me,2c6xRsQBv7pynuhYhWoHxo,30,Adele,2021-11-19
393,43,2021-11-24 16:00:03.607,44,Blinding Lights,0VjIjW4GlUZAMYd2vXMi3b,After Hours,The Weeknd,2020-03-20
394,44,2021-11-24 16:00:03.607,45,Yonaguni,2JPLbjOn0wPCngEot2STUS,Yonaguni,Bad Bunny,2021-06-04
395,45,2021-11-24 16:00:03.607,46,LA FAMA (with The Weeknd),6dmXZ9B5HdFAyzHeTneYBK,LA FAMA (with The Weeknd),ROSALÍA,2021-11-11
396,46,2021-11-24 16:00:03.607,47,Meet Me At Our Spot,07MDkzWARZaLEdKxo6yArG,THE ANXIETY,THE ANXIETY,2020-03-13
397,47,2021-11-24 16:00:03.607,48,Life Goes On,0eu4C55hL6x29mmeAjytzC,"Ugly is Beautiful: Shorter, Thicker & Uglier (Deluxe)",Oliver Tree,2021-05-28
398,48,2021-11-24 16:00:03.607,49,traitor,5CZ40GBx1sQ9agT82CLQCT,SOUR,Olivia Rodrigo,2021-05-21
399,49,2021-11-24 16:00:03.607,50,Better Days (NEIKED x Mae Muller x Polo G),6f5ExP43esnvdKPddwKXJH,Better Days (NEIKED x Mae Muller x Polo G),NEIKED,2021-09-24
400,0,2021-11-25 16:00:03.701,1,Easy On Me,46IZ0fSY2mpAiktS3KOqds,30,Adele,2021-11-19
401,1,2021-11-25 16:00:03.701,2,STAY (with Justin Bieber),5PjdY0CKGZdEuoNab3yDmX,F*CK LOVE 3: OVER YOU,The Kid LAROI,2021-07-23
402,2,2021-11-25 16:00:03.701,3,INDUSTRY BABY (feat. Jack Harlow),5Z9KJZvQzH6PFmb8SNkxuk,MONTERO,Lil Nas X,2021-09-17
403,3,2021-11-25 16:00:03.701,4,All Too Well (10 Minute Version) (Taylor's Version) (From The Vault),5enxwA8aAbwZbf5qCHORXi,Red (Taylor's Version),Taylor Swift,2021-11-12
404,4,2021-11-25 16:00:03.701,5,Oh My God,3Kkjo3cT83cw09VJyrLNwX,30,Adele,2021-11-19
405,5,2021-11-25 16:00:03.701,6,Cold Heart - PNAU Remix,7rglLriMNBPAyuJOMGwi39,The Lockdown Sessions,Elton John,2021-10-22
406,6,2021-11-25 16:00:03.701,7,Heat Waves,02MWAaffLxlfxAUY7c5dvx,Dreamland (+ Bonus Levels),Glass Animals,2020-08-06
407,7,2021-11-25 16:00:03.701,8,Shivers,50nfwKoDiSYg8zOCREWAm5,=,Ed Sheeran,2021-10-29
408,8,2021-11-25 16:00:03.701,9,abcdefu,4fouWK6XVHhzl78KzQ1UjL,abcdefu,GAYLE,2021-08-13
409,9,2021-11-25 16:00:03.701,10,Enemy (with JID) - from the series Arcane League of Legends,1r9xUipOqoNwggBpENDsvJ,Enemy (with JID) [from the series Arcane League of Legends],Imagine Dragons,2021-10-28
410,10,2021-11-25 16:00:03.701,11,Bad Habits,3rmo8F54jFF8OgYsqTxm5d,=,Ed Sheeran,2021-10-29
411,11,2021-11-25 16:00:03.701,12,Pepas,2B4GHvToeLTOBB4QLzW3Ni,La 167,Farruko,2021-10-01
412,12,2021-11-25 16:00:03.701,13,Smokin Out The Window,7sMBvZCSUl99bJLXZaLa0b,An Evening With Silk Sonic,Bruno Mars,2021-11-11
413,13,2021-11-25 16:00:03.701,14,My Universe,46HNZY1i7O6jwTA7Slo2PI,Music Of The Spheres,Coldplay,2021-10-15
414,14,2021-11-25 16:00:03.701,15,Can I Get It,6w8ZPYdnGajyfPddTWdthN,30,Adele,2021-11-19
415,15,2021-11-25 16:00:03.701,16,Woman,6Uj1ctrBOjOas8xZXGqKk4,Planet Her,Doja Cat,2021-06-25
416,16,2021-11-25 16:00:03.701,17,MONEY,7hU3IHwjX150XLoTVmjD0q,LALISA,LISA,2021-09-10
417,17,2021-11-25 16:00:03.701,18,One Right Now (with The Weeknd),00Blm7zeNqgYLPtW6zg8cj,One Right Now,Post Malone,2021-11-05
418,18,2021-11-25 16:00:03.701,19,Do It To It,20on25jryn53hWghthWWW3,Do It To It,ACRAZE,2021-08-20
419,19,2021-11-25 16:00:03.701,20,I Drink Wine,6v0UJD4a2FtleHeSYVX02A,30,Adele,2021-11-19
420,20,2021-11-25 16:00:03.701,21,good 4 u,4ZtFanR9U6ndgddUvNcjcG,SOUR,Olivia Rodrigo,2021-05-21
421,21,2021-11-25 16:00:03.701,22,love nwantiti (ah ah ah),2Xr1dTzJee307rmrkt8c0g,CKay The First,CKay,2019-08-30
422,22,2021-11-25 16:00:03.701,23,Toxic,2gQPv5jvVPqU2a9HhMNO1v,Toxic,BoyWithUke,2021-10-29
423,23,2021-11-25 16:00:03.701,24,My Little Love,2DuPBbS5mIldXnh7Wum8Cy,30,Adele,2021-11-19
424,24,2021-11-25 16:00:03.701,25,Need to Know,3Vi5XqYrmQgOYBajMWSvCi,Planet Her,Doja Cat,2021-06-25
425,25,2021-11-25 16:00:03.701,26,THATS WHAT I WANT,0e8nrvls4Qqv5Rfa2UhqmO,MONTERO,Lil Nas X,2021-09-17
426,26,2021-11-25 16:00:03.701,27,SAD GIRLZ LUV MONEY Remix (feat. Kali Uchis and Moliy),09gysnJpfQ3ublBmJDfcEC,SAD GIRLZ LUV MONEY Remix (feat. Kali Uchis and Moliy),Amaarae,2021-09-16
427,27,2021-11-25 16:00:03.701,28,love nwantiti (feat. Dj Yo! & AX'EL) - Remix,4gvrJnKCKIPiacNsWVQwEU,love nwantiti (feat. Dj Yo! & AX'EL) [Remix],CKay,2021-09-09
428,28,2021-11-25 16:00:03.701,29,Kiss Me More (feat. SZA),3DarAbFujv6eYNliUTyqtz,Planet Her,Doja Cat,2021-06-25
429,29,2021-11-25 16:00:03.701,30,Beggin',3Wrjm47oTz2sjIgck11l5e,Chosen,Måneskin,2017-12-08
430,30,2021-11-25 16:00:03.701,31,All I Want for Christmas Is You,0bYg9bo50gSsH3LtXe2SQn,Merry Christmas,Mariah Carey,1994-11-01
431,31,2021-11-25 16:00:03.701,32,Happier Than Ever,4RVwu0g32PAqgUiJoXsdF8,Happier Than Ever,Billie Eilish,2021-07-30
432,32,2021-11-25 16:00:03.701,33,MONTERO (Call Me By Your Name),1SC5rEoYDGUK4NfG82494W,MONTERO,Lil Nas X,2021-09-17
433,33,2021-11-25 16:00:03.701,34,Ghost,6I3mqTwhRpn34SLVafSH7G,Justice,Justin Bieber,2021-03-19
434,34,2021-11-25 16:00:03.701,35,Moth To A Flame (with The Weeknd),2gpWyfu7eZ01zzncHpxOtA,Moth To A Flame,Swedish House Mafia,2021-10-22
435,35,2021-11-25 16:00:03.701,36,Lo Siento BB:/ (with Bad Bunny & Julieta Venegas),4gzsuuZypVbxs0Af1LSZyB,Lo Siento BB:/ (with Bad Bunny & Julieta Venegas),Tainy,2021-10-05
436,36,2021-11-25 16:00:03.701,37,Where Are You Now,3uUuGVFu1V7jTQL60S1r8z,Where Are You Now,Lost Frequencies,2021-07-30
437,37,2021-11-25 16:00:03.701,38,Blinding Lights,0VjIjW4GlUZAMYd2vXMi3b,After Hours,The Weeknd,2020-03-20
438,38,2021-11-25 16:00:03.701,39,Strangers By Nature,13CVSGLSFl4UxpDVR6u3dq,30,Adele,2021-11-19
439,39,2021-11-25 16:00:03.701,40,To Be Loved,10ImcQk9tihY1EKMDIbvXJ,30,Adele,2021-11-19
440,40,2021-11-25 16:00:03.701,41,Yonaguni,2JPLbjOn0wPCngEot2STUS,Yonaguni,Bad Bunny,2021-06-04
441,41,2021-11-25 16:00:03.701,42,Cry Your Heart Out,09u787BYeYIGd2mFIJ505t,30,Adele,2021-11-19
442,42,2021-11-25 16:00:03.701,43,traitor,5CZ40GBx1sQ9agT82CLQCT,SOUR,Olivia Rodrigo,2021-05-21
443,43,2021-11-25 16:00:03.701,44,Meet Me At Our Spot,07MDkzWARZaLEdKxo6yArG,THE ANXIETY,THE ANXIETY,2020-03-13
444,44,2021-11-25 16:00:03.701,45,LA FAMA (with The Weeknd),6dmXZ9B5HdFAyzHeTneYBK,LA FAMA (with The Weeknd),ROSALÍA,2021-11-11
445,45,2021-11-25 16:00:03.701,46,Life Goes On,0eu4C55hL6x29mmeAjytzC,"Ugly is Beautiful: Shorter, Thicker & Uglier (Deluxe)",Oliver Tree,2021-05-28
446,46,2021-11-25 16:00:03.701,47,Better Days (NEIKED x Mae Muller x Polo G),6f5ExP43esnvdKPddwKXJH,Better Days (NEIKED x Mae Muller x Polo G),NEIKED,2021-09-24
447,47,2021-11-25 16:00:03.701,48,I Love You So,4SqWKzw0CbA05TGszDgMlc,I Love You So,The Walters,2014-11-28
448,48,2021-11-25 16:00:03.701,49,Hold On,6bGMSP3H9YqkmaLnaJTIoF,30,Adele,2021-11-19
449,49,2021-11-25 16:00:03.701,50,All Night Parking (with Erroll Garner) Interlude,496vIKS2INz840xZaKncvR,30,Adele,2021-11-19
450,0,2021-11-26 16:00:03.108,1,Easy On Me,46IZ0fSY2mpAiktS3KOqds,30,Adele,2021-11-19
451,1,2021-11-26 16:00:03.108,2,STAY (with Justin Bieber),5PjdY0CKGZdEuoNab3yDmX,F*CK LOVE 3: OVER YOU,The Kid LAROI,2021-07-23
452,2,2021-11-26 16:00:03.108,3,INDUSTRY BABY (feat. Jack Harlow),5Z9KJZvQzH6PFmb8SNkxuk,MONTERO,Lil Nas X,2021-09-17
453,3,2021-11-26 16:00:03.108,4,Cold Heart - PNAU Remix,7rglLriMNBPAyuJOMGwi39,The Lockdown Sessions,Elton John,2021-10-22
454,4,2021-11-26 16:00:03.108,5,All Too Well (10 Minute Version) (Taylor's Version) (From The Vault),5enxwA8aAbwZbf5qCHORXi,Red (Taylor's Version),Taylor Swift,2021-11-12
455,5,2021-11-26 16:00:03.108,6,Oh My God,3Kkjo3cT83cw09VJyrLNwX,30,Adele,2021-11-19
456,6,2021-11-26 16:00:03.108,7,Heat Waves,02MWAaffLxlfxAUY7c5dvx,Dreamland (+ Bonus Levels),Glass Animals,2020-08-06
457,7,2021-11-26 16:00:03.108,8,Shivers,50nfwKoDiSYg8zOCREWAm5,=,Ed Sheeran,2021-10-29
458,8,2021-11-26 16:00:03.108,9,abcdefu,4fouWK6XVHhzl78KzQ1UjL,abcdefu,GAYLE,2021-08-13
459,9,2021-11-26 16:00:03.108,10,Enemy (with JID) - from the series Arcane League of Legends,1r9xUipOqoNwggBpENDsvJ,Enemy (with JID) [from the series Arcane League of Legends],Imagine Dragons,2021-10-28
460,10,2021-11-26 16:00:03.108,11,Pepas,2B4GHvToeLTOBB4QLzW3Ni,La 167,Farruko,2021-10-01
461,11,2021-11-26 16:00:03.108,12,Bad Habits,3rmo8F54jFF8OgYsqTxm5d,=,Ed Sheeran,2021-10-29
462,12,2021-11-26 16:00:03.108,13,Smokin Out The Window,7sMBvZCSUl99bJLXZaLa0b,An Evening With Silk Sonic,Bruno Mars,2021-11-11
463,13,2021-11-26 16:00:03.108,14,My Universe,46HNZY1i7O6jwTA7Slo2PI,Music Of The Spheres,Coldplay,2021-10-15
464,14,2021-11-26 16:00:03.108,15,Woman,6Uj1ctrBOjOas8xZXGqKk4,Planet Her,Doja Cat,2021-06-25
465,15,2021-11-26 16:00:03.108,16,MONEY,7hU3IHwjX150XLoTVmjD0q,LALISA,LISA,2021-09-10
466,16,2021-11-26 16:00:03.108,17,Do It To It,20on25jryn53hWghthWWW3,Do It To It,ACRAZE,2021-08-20
467,17,2021-11-26 16:00:03.108,18,One Right Now (with The Weeknd),00Blm7zeNqgYLPtW6zg8cj,One Right Now,Post Malone,2021-11-05
468,18,2021-11-26 16:00:03.108,19,All I Want for Christmas Is You,0bYg9bo50gSsH3LtXe2SQn,Merry Christmas,Mariah Carey,1994-11-01
469,19,2021-11-26 16:00:03.108,20,Can I Get It,6w8ZPYdnGajyfPddTWdthN,30,Adele,2021-11-19
470,20,2021-11-26 16:00:03.108,21,love nwantiti (ah ah ah),2Xr1dTzJee307rmrkt8c0g,CKay The First,CKay,2019-08-30
471,21,2021-11-26 16:00:03.108,22,Toxic,2gQPv5jvVPqU2a9HhMNO1v,Toxic,BoyWithUke,2021-10-29
472,22,2021-11-26 16:00:03.108,23,good 4 u,4ZtFanR9U6ndgddUvNcjcG,SOUR,Olivia Rodrigo,2021-05-21
473,23,2021-11-26 16:00:03.108,24,love nwantiti (feat. Dj Yo! & AX'EL) - Remix,4gvrJnKCKIPiacNsWVQwEU,love nwantiti (feat. Dj Yo! & AX'EL) [Remix],CKay,2021-09-09
474,24,2021-11-26 16:00:03.108,25,THATS WHAT I WANT,0e8nrvls4Qqv5Rfa2UhqmO,MONTERO,Lil Nas X,2021-09-17
475,25,2021-11-26 16:00:03.108,26,Need to Know,3Vi5XqYrmQgOYBajMWSvCi,Planet Her,Doja Cat,2021-06-25
476,26,2021-11-26 16:00:03.108,27,I Drink Wine,6v0UJD4a2FtleHeSYVX02A,30,Adele,2021-11-19
477,27,2021-11-26 16:00:03.108,28,SAD GIRLZ LUV MONEY Remix (feat. Kali Uchis and Moliy),09gysnJpfQ3ublBmJDfcEC,SAD GIRLZ LUV MONEY Remix (feat. Kali Uchis and Moliy),Amaarae,2021-09-16
478,28,2021-11-26 16:00:03.108,29,Beggin',3Wrjm47oTz2sjIgck11l5e,Chosen,Måneskin,2017-12-08
479,29,2021-11-26 16:00:03.108,30,Kiss Me More (feat. SZA),3DarAbFujv6eYNliUTyqtz,Planet Her,Doja Cat,2021-06-25
480,30,2021-11-26 16:00:03.108,31,MONTERO (Call Me By Your Name),1SC5rEoYDGUK4NfG82494W,MONTERO,Lil Nas X,2021-09-17
481,31,2021-11-26 16:00:03.108,32,Happier Than Ever,4RVwu0g32PAqgUiJoXsdF8,Happier Than Ever,Billie Eilish,2021-07-30
482,32,2021-11-26 16:00:03.108,33,Moth To A Flame (with The Weeknd),2gpWyfu7eZ01zzncHpxOtA,Moth To A Flame,Swedish House Mafia,2021-10-22
483,33,2021-11-26 16:00:03.108,34,My Little Love,2DuPBbS5mIldXnh7Wum8Cy,30,Adele,2021-11-19
484,34,2021-11-26 16:00:03.108,35,Ghost,6I3mqTwhRpn34SLVafSH7G,Justice,Justin Bieber,2021-03-19
485,35,2021-11-26 16:00:03.108,36,Lo Siento BB:/ (with Bad Bunny & Julieta Venegas),4gzsuuZypVbxs0Af1LSZyB,Lo Siento BB:/ (with Bad Bunny & Julieta Venegas),Tainy,2021-10-05
486,36,2021-11-26 16:00:03.108,37,Where Are You Now,3uUuGVFu1V7jTQL60S1r8z,Where Are You Now,Lost Frequencies,2021-07-30
487,37,2021-11-26 16:00:03.108,38,Yonaguni,2JPLbjOn0wPCngEot2STUS,Yonaguni,Bad Bunny,2021-06-04
488,38,2021-11-26 16:00:03.108,39,Blinding Lights,0VjIjW4GlUZAMYd2vXMi3b,After Hours,The Weeknd,2020-03-20
489,39,2021-11-26 16:00:03.108,40,Last Christmas,2FRnf9qhLbvw8fu4IBXx78,LAST CHRISTMAS,Wham!,1984-11-29
490,40,2021-11-26 16:00:03.108,41,traitor,5CZ40GBx1sQ9agT82CLQCT,SOUR,Olivia Rodrigo,2021-05-21
491,41,2021-11-26 16:00:03.108,42,LA FAMA (with The Weeknd),6dmXZ9B5HdFAyzHeTneYBK,LA FAMA (with The Weeknd),ROSALÍA,2021-11-11
492,42,2021-11-26 16:00:03.108,43,Meet Me At Our Spot,07MDkzWARZaLEdKxo6yArG,THE ANXIETY,THE ANXIETY,2020-03-13
493,43,2021-11-26 16:00:03.108,44,Life Goes On,0eu4C55hL6x29mmeAjytzC,"Ugly is Beautiful: Shorter, Thicker & Uglier (Deluxe)",Oliver Tree,2021-05-28
494,44,2021-11-26 16:00:03.108,45,Better Days (NEIKED x Mae Muller x Polo G),6f5ExP43esnvdKPddwKXJH,Better Days (NEIKED x Mae Muller x Polo G),NEIKED,2021-09-24
495,45,2021-11-26 16:00:03.108,46,I Love You So,4SqWKzw0CbA05TGszDgMlc,I Love You So,The Walters,2014-11-28
496,46,2021-11-26 16:00:03.108,47,Todo De Ti,5RwV8BvLfX5injfqYodke9,VICE VERSA,Rauw Alejandro,2021-06-25
497,47,2021-11-26 16:00:03.108,48,To Be Loved,10ImcQk9tihY1EKMDIbvXJ,30,Adele,2021-11-19
498,48,2021-11-26 16:00:03.108,49,Volví,2vmfvSoZBFAt9hhRoEByLi,Volví,Aventura,2021-08-03
499,49,2021-11-26 16:00:03.108,50,Mon Amour - Remix,5TMLavqGRKNxgzMBrVpC9R,Mon Amour (Remix),zzoilo,2021-08-18
500,0,2021-11-27 16:00:03.472,1,Easy On Me,46IZ0fSY2mpAiktS3KOqds,30,Adele,2021-11-19
501,1,2021-11-27 16:00:03.472,2,STAY (with Justin Bieber),5PjdY0CKGZdEuoNab3yDmX,F*CK LOVE 3: OVER YOU,The Kid LAROI,2021-07-23
502,2,2021-11-27 16:00:03.472,3,INDUSTRY BABY (feat. Jack Harlow),5Z9KJZvQzH6PFmb8SNkxuk,MONTERO,Lil Nas X,2021-09-17
503,3,2021-11-27 16:00:03.472,4,Cold Heart - PNAU Remix,7rglLriMNBPAyuJOMGwi39,The Lockdown Sessions,Elton John,2021-10-22
504,4,2021-11-27 16:00:03.472,5,Heat Waves,02MWAaffLxlfxAUY7c5dvx,Dreamland (+ Bonus Levels),Glass Animals,2020-08-06
505,5,2021-11-27 16:00:03.472,6,abcdefu,4fouWK6XVHhzl78KzQ1UjL,abcdefu,GAYLE,2021-08-13
506,6,2021-11-27 16:00:03.472,7,All Too Well (10 Minute Version) (Taylor's Version) (From The Vault),5enxwA8aAbwZbf5qCHORXi,Red (Taylor's Version),Taylor Swift,2021-11-12
507,7,2021-11-27 16:00:03.472,8,Shivers,50nfwKoDiSYg8zOCREWAm5,=,Ed Sheeran,2021-10-29
508,8,2021-11-27 16:00:03.472,9,Oh My God,3Kkjo3cT83cw09VJyrLNwX,30,Adele,2021-11-19
509,9,2021-11-27 16:00:03.472,10,Enemy (with JID) - from the series Arcane League of Legends,1r9xUipOqoNwggBpENDsvJ,Enemy (with JID) [from the series Arcane League of Legends],Imagine Dragons,2021-10-28
510,10,2021-11-27 16:00:03.472,11,Pepas,2B4GHvToeLTOBB4QLzW3Ni,La 167,Farruko,2021-10-01
511,11,2021-11-27 16:00:03.472,12,Bad Habits,3rmo8F54jFF8OgYsqTxm5d,=,Ed Sheeran,2021-10-29
512,12,2021-11-27 16:00:03.472,13,All I Want for Christmas Is You,0bYg9bo50gSsH3LtXe2SQn,Merry Christmas,Mariah Carey,1994-11-01
513,13,2021-11-27 16:00:03.472,14,Do It To It,20on25jryn53hWghthWWW3,Do It To It,ACRAZE,2021-08-20
514,14,2021-11-27 16:00:03.472,15,My Universe,46HNZY1i7O6jwTA7Slo2PI,Music Of The Spheres,Coldplay,2021-10-15
515,15,2021-11-27 16:00:03.472,16,Woman,6Uj1ctrBOjOas8xZXGqKk4,Planet Her,Doja Cat,2021-06-25
516,16,2021-11-27 16:00:03.472,17,Smokin Out The Window,7sMBvZCSUl99bJLXZaLa0b,An Evening With Silk Sonic,Bruno Mars,2021-11-11
517,17,2021-11-27 16:00:03.472,18,MONEY,7hU3IHwjX150XLoTVmjD0q,LALISA,LISA,2021-09-10
518,18,2021-11-27 16:00:03.472,19,love nwantiti (ah ah ah),2Xr1dTzJee307rmrkt8c0g,CKay The First,CKay,2019-08-30
519,19,2021-11-27 16:00:03.472,20,One Right Now (with The Weeknd),00Blm7zeNqgYLPtW6zg8cj,One Right Now,Post Malone,2021-11-05
520,20,2021-11-27 16:00:03.472,21,Toxic,2gQPv5jvVPqU2a9HhMNO1v,Toxic,BoyWithUke,2021-10-29
521,21,2021-11-27 16:00:03.472,22,Last Christmas,2FRnf9qhLbvw8fu4IBXx78,LAST CHRISTMAS,Wham!,1984-11-29
522,22,2021-11-27 16:00:03.472,23,good 4 u,4ZtFanR9U6ndgddUvNcjcG,SOUR,Olivia Rodrigo,2021-05-21
523,23,2021-11-27 16:00:03.472,24,love nwantiti (feat. Dj Yo! & AX'EL) - Remix,4gvrJnKCKIPiacNsWVQwEU,love nwantiti (feat. Dj Yo! & AX'EL) [Remix],CKay,2021-09-09
524,24,2021-11-27 16:00:03.472,25,THATS WHAT I WANT,0e8nrvls4Qqv5Rfa2UhqmO,MONTERO,Lil Nas X,2021-09-17
525,25,2021-11-27 16:00:03.472,26,Can I Get It,6w8ZPYdnGajyfPddTWdthN,30,Adele,2021-11-19
526,26,2021-11-27 16:00:03.472,27,Beggin',3Wrjm47oTz2sjIgck11l5e,Chosen,Måneskin,2017-12-08
527,27,2021-11-27 16:00:03.472,28,White Christmas,4so0Wek9Ig1p6CRCHuINwW,Holiday Inn (Original Motion Picture Soundtrack),Bing Crosby,1942-01-01
528,28,2021-11-27 16:00:03.472,29,Need to Know,3Vi5XqYrmQgOYBajMWSvCi,Planet Her,Doja Cat,2021-06-25
529,29,2021-11-27 16:00:03.472,30,Where Are You Now,3uUuGVFu1V7jTQL60S1r8z,Where Are You Now,Lost Frequencies,2021-07-30
530,30,2021-11-27 16:00:03.472,31,SAD GIRLZ LUV MONEY Remix (feat. Kali Uchis and Moliy),09gysnJpfQ3ublBmJDfcEC,SAD GIRLZ LUV MONEY Remix (feat. Kali Uchis and Moliy),Amaarae,2021-09-16
531,31,2021-11-27 16:00:03.472,32,Kiss Me More (feat. SZA),3DarAbFujv6eYNliUTyqtz,Planet Her,Doja Cat,2021-06-25
532,32,2021-11-27 16:00:03.472,33,MONTERO (Call Me By Your Name),1SC5rEoYDGUK4NfG82494W,MONTERO,Lil Nas X,2021-09-17
533,33,2021-11-27 16:00:03.472,34,Moth To A Flame (with The Weeknd),2gpWyfu7eZ01zzncHpxOtA,Moth To A Flame,Swedish House Mafia,2021-10-22
534,34,2021-11-27 16:00:03.472,35,Ghost,6I3mqTwhRpn34SLVafSH7G,Justice,Justin Bieber,2021-03-19
535,35,2021-11-27 16:00:03.472,36,Lo Siento BB:/ (with Bad Bunny & Julieta Venegas),4gzsuuZypVbxs0Af1LSZyB,Lo Siento BB:/ (with Bad Bunny & Julieta Venegas),Tainy,2021-10-05
536,36,2021-11-27 16:00:03.472,37,Happier Than Ever,4RVwu0g32PAqgUiJoXsdF8,Happier Than Ever,Billie Eilish,2021-07-30
537,37,2021-11-27 16:00:03.472,38,Yonaguni,2JPLbjOn0wPCngEot2STUS,Yonaguni,Bad Bunny,2021-06-04
538,38,2021-11-27 16:00:03.472,39,Blinding Lights,0VjIjW4GlUZAMYd2vXMi3b,After Hours,The Weeknd,2020-03-20
539,39,2021-11-27 16:00:03.472,40,I Drink Wine,6v0UJD4a2FtleHeSYVX02A,30,Adele,2021-11-19
540,40,2021-11-27 16:00:03.472,41,It's Beginning to Look a Lot like Christmas,0lLdorYw7lVrJydTINhWdI,Christmas,Michael Bublé,2011-10-14
541,41,2021-11-27 16:00:03.472,42,Jingle Bell Rock,7vQbuQcyTflfCIOu3Uzzya,Jingle Bell Rock/Captain Santa Claus (And His Reindeer Space Patrol),Bobby Helms,1957-12-02
542,42,2021-11-27 16:00:03.472,43,My Little Love,2DuPBbS5mIldXnh7Wum8Cy,30,Adele,2021-11-19
543,43,2021-11-27 16:00:03.472,44,Rockin' Around The Christmas Tree,2EjXfH91m7f8HiJN1yQg97,Merry Christmas From Brenda Lee,Brenda Lee,1964-10-19
544,44,2021-11-27 16:00:03.472,45,Life Goes On,0eu4C55hL6x29mmeAjytzC,"Ugly is Beautiful: Shorter, Thicker & Uglier (Deluxe)",Oliver Tree,2021-05-28
545,45,2021-11-27 16:00:03.472,46,LA FAMA (with The Weeknd),6dmXZ9B5HdFAyzHeTneYBK,LA FAMA (with The Weeknd),ROSALÍA,2021-11-11
546,46,2021-11-27 16:00:03.472,47,Mon Amour - Remix,5TMLavqGRKNxgzMBrVpC9R,Mon Amour (Remix),zzoilo,2021-08-18
547,47,2021-11-27 16:00:03.472,48,Meet Me At Our Spot,07MDkzWARZaLEdKxo6yArG,THE ANXIETY,THE ANXIETY,2020-03-13
548,48,2021-11-27 16:00:03.472,49,traitor,5CZ40GBx1sQ9agT82CLQCT,SOUR,Olivia Rodrigo,2021-05-21
549,49,2021-11-27 16:00:03.472,50,Better Days (NEIKED x Mae Muller x Polo G),6f5ExP43esnvdKPddwKXJH,Better Days (NEIKED x Mae Muller x Polo G),NEIKED,2021-09-24
550,0,2021-11-28 16:00:02.82,1,Easy On Me,46IZ0fSY2mpAiktS3KOqds,30,Adele,2021-11-19
551,1,2021-11-28 16:00:02.82,2,STAY (with Justin Bieber),5PjdY0CKGZdEuoNab3yDmX,F*CK LOVE 3: OVER YOU,The Kid LAROI,2021-07-23
552,2,2021-11-28 16:00:02.82,3,INDUSTRY BABY (feat. Jack Harlow),5Z9KJZvQzH6PFmb8SNkxuk,MONTERO,Lil Nas X,2021-09-17
553,3,2021-11-28 16:00:02.82,4,Cold Heart - PNAU Remix,7rglLriMNBPAyuJOMGwi39,The Lockdown Sessions,Elton John,2021-10-22
554,4,2021-11-28 16:00:02.82,5,Heat Waves,02MWAaffLxlfxAUY7c5dvx,Dreamland (+ Bonus Levels),Glass Animals,2020-08-06
555,5,2021-11-28 16:00:02.82,6,All I Want for Christmas Is You,0bYg9bo50gSsH3LtXe2SQn,Merry Christmas,Mariah Carey,1994-11-01
556,6,2021-11-28 16:00:02.82,7,abcdefu,4fouWK6XVHhzl78KzQ1UjL,abcdefu,GAYLE,2021-08-13
557,7,2021-11-28 16:00:02.82,8,All Too Well (10 Minute Version) (Taylor's Version) (From The Vault),5enxwA8aAbwZbf5qCHORXi,Red (Taylor's Version),Taylor Swift,2021-11-12
558,8,2021-11-28 16:00:02.82,9,Shivers,50nfwKoDiSYg8zOCREWAm5,=,Ed Sheeran,2021-10-29
559,9,2021-11-28 16:00:02.82,10,Pepas,2B4GHvToeLTOBB4QLzW3Ni,La 167,Farruko,2021-10-01
560,10,2021-11-28 16:00:02.82,11,Enemy (with JID) - from the series Arcane League of Legends,1r9xUipOqoNwggBpENDsvJ,Enemy (with JID) [from the series Arcane League of Legends],Imagine Dragons,2021-10-28
561,11,2021-11-28 16:00:02.82,12,Oh My God,3Kkjo3cT83cw09VJyrLNwX,30,Adele,2021-11-19
562,12,2021-11-28 16:00:02.82,13,Bad Habits,3rmo8F54jFF8OgYsqTxm5d,=,Ed Sheeran,2021-10-29
563,13,2021-11-28 16:00:02.82,14,Last Christmas,2FRnf9qhLbvw8fu4IBXx78,LAST CHRISTMAS,Wham!,1984-11-29
564,14,2021-11-28 16:00:02.82,15,Do It To It,20on25jryn53hWghthWWW3,Do It To It,ACRAZE,2021-08-20
565,15,2021-11-28 16:00:02.82,16,My Universe,46HNZY1i7O6jwTA7Slo2PI,Music Of The Spheres,Coldplay,2021-10-15
566,16,2021-11-28 16:00:02.82,17,Woman,6Uj1ctrBOjOas8xZXGqKk4,Planet Her,Doja Cat,2021-06-25
567,17,2021-11-28 16:00:02.82,18,Smokin Out The Window,7sMBvZCSUl99bJLXZaLa0b,An Evening With Silk Sonic,Bruno Mars,2021-11-11
568,18,2021-11-28 16:00:02.82,19,MONEY,7hU3IHwjX150XLoTVmjD0q,LALISA,LISA,2021-09-10
569,19,2021-11-28 16:00:02.82,20,It's Beginning to Look a Lot like Christmas,0lLdorYw7lVrJydTINhWdI,Christmas,Michael Bublé,2011-10-14
570,20,2021-11-28 16:00:02.82,21,love nwantiti (ah ah ah),2Xr1dTzJee307rmrkt8c0g,CKay The First,CKay,2019-08-30
571,21,2021-11-28 16:00:02.82,22,Jingle Bell Rock,7vQbuQcyTflfCIOu3Uzzya,Jingle Bell Rock/Captain Santa Claus (And His Reindeer Space Patrol),Bobby Helms,1957-12-02
572,22,2021-11-28 16:00:02.82,23,Toxic,2gQPv5jvVPqU2a9HhMNO1v,Toxic,BoyWithUke,2021-10-29
573,23,2021-11-28 16:00:02.82,24,One Right Now (with The Weeknd),00Blm7zeNqgYLPtW6zg8cj,One Right Now,Post Malone,2021-11-05
574,24,2021-11-28 16:00:02.82,25,good 4 u,4ZtFanR9U6ndgddUvNcjcG,SOUR,Olivia Rodrigo,2021-05-21
575,25,2021-11-28 16:00:02.82,26,Rockin' Around The Christmas Tree,2EjXfH91m7f8HiJN1yQg97,Merry Christmas From Brenda Lee,Brenda Lee,1964-10-19
576,26,2021-11-28 16:00:02.82,27,love nwantiti (feat. Dj Yo! & AX'EL) - Remix,4gvrJnKCKIPiacNsWVQwEU,love nwantiti (feat. Dj Yo! & AX'EL) [Remix],CKay,2021-09-09
577,27,2021-11-28 16:00:02.82,28,Beggin',3Wrjm47oTz2sjIgck11l5e,Chosen,Måneskin,2017-12-08
578,28,2021-11-28 16:00:02.82,29,THATS WHAT I WANT,0e8nrvls4Qqv5Rfa2UhqmO,MONTERO,Lil Nas X,2021-09-17
579,29,2021-11-28 16:00:02.82,30,Need to Know,3Vi5XqYrmQgOYBajMWSvCi,Planet Her,Doja Cat,2021-06-25
580,30,2021-11-28 16:00:02.82,31,MONTERO (Call Me By Your Name),1SC5rEoYDGUK4NfG82494W,MONTERO,Lil Nas X,2021-09-17
581,31,2021-11-28 16:00:02.82,32,Kiss Me More (feat. SZA),3DarAbFujv6eYNliUTyqtz,Planet Her,Doja Cat,2021-06-25
582,32,2021-11-28 16:00:02.82,33,Santa Tell Me,0lizgQ7Qw35od7CYaoMBZb,Santa Tell Me,Ariana Grande,2014-11-24
583,33,2021-11-28 16:00:02.82,34,Where Are You Now,3uUuGVFu1V7jTQL60S1r8z,Where Are You Now,Lost Frequencies,2021-07-30
584,34,2021-11-28 16:00:02.82,35,Can I Get It,6w8ZPYdnGajyfPddTWdthN,30,Adele,2021-11-19
585,35,2021-11-28 16:00:02.82,36,SAD GIRLZ LUV MONEY Remix (feat. Kali Uchis and Moliy),09gysnJpfQ3ublBmJDfcEC,SAD GIRLZ LUV MONEY Remix (feat. Kali Uchis and Moliy),Amaarae,2021-09-16
586,36,2021-11-28 16:00:02.82,37,Lo Siento BB:/ (with Bad Bunny & Julieta Venegas),4gzsuuZypVbxs0Af1LSZyB,Lo Siento BB:/ (with Bad Bunny & Julieta Venegas),Tainy,2021-10-05
587,37,2021-11-28 16:00:02.82,38,Yonaguni,2JPLbjOn0wPCngEot2STUS,Yonaguni,Bad Bunny,2021-06-04
588,38,2021-11-28 16:00:02.82,39,It's the Most Wonderful Time of the Year,1IcR6RlgvDczfvoWJSSY2A,The Andy Williams Christmas Album,Andy Williams,1963
589,39,2021-11-28 16:00:02.82,40,Ghost,6I3mqTwhRpn34SLVafSH7G,Justice,Justin Bieber,2021-03-19
590,40,2021-11-28 16:00:02.82,41,Moth To A Flame (with The Weeknd),2gpWyfu7eZ01zzncHpxOtA,Moth To A Flame,Swedish House Mafia,2021-10-22
591,41,2021-11-28 16:00:02.82,42,Blinding Lights,0VjIjW4GlUZAMYd2vXMi3b,After Hours,The Weeknd,2020-03-20
592,42,2021-11-28 16:00:02.82,43,Happier Than Ever,4RVwu0g32PAqgUiJoXsdF8,Happier Than Ever,Billie Eilish,2021-07-30
593,43,2021-11-28 16:00:02.82,44,I Drink Wine,6v0UJD4a2FtleHeSYVX02A,30,Adele,2021-11-19
594,44,2021-11-28 16:00:02.82,45,Mon Amour - Remix,5TMLavqGRKNxgzMBrVpC9R,Mon Amour (Remix),zzoilo,2021-08-18
595,45,2021-11-28 16:00:02.82,46,Life Goes On,0eu4C55hL6x29mmeAjytzC,"Ugly is Beautiful: Shorter, Thicker & Uglier (Deluxe)",Oliver Tree,2021-05-28
596,46,2021-11-28 16:00:02.82,47,Meet Me At Our Spot,07MDkzWARZaLEdKxo6yArG,THE ANXIETY,THE ANXIETY,2020-03-13
597,47,2021-11-28 16:00:02.82,48,Todo De Ti,5RwV8BvLfX5injfqYodke9,VICE VERSA,Rauw Alejandro,2021-06-25
598,48,2021-11-28 16:00:02.82,49,The Christmas Song (Merry Christmas To You),4PS1e8f2LvuTFgUs1Cn3ON,The Christmas Song (Expanded Edition),Nat King Cole,1962
599,49,2021-11-28 16:00:02.82,50,Mistletoe,7xapw9Oy21WpfEcib2ErSA,Under The Mistletoe (Deluxe Edition),Justin Bieber,2011-01-01
600,0,2021-11-29 16:00:03.607,1,Easy On Me,46IZ0fSY2mpAiktS3KOqds,30,Adele,2021-11-19
601,1,2021-11-29 16:00:03.607,2,STAY (with Justin Bieber),5PjdY0CKGZdEuoNab3yDmX,F*CK LOVE 3: OVER YOU,The Kid LAROI,2021-07-23
602,2,2021-11-29 16:00:03.607,3,All I Want for Christmas Is You,0bYg9bo50gSsH3LtXe2SQn,Merry Christmas,Mariah Carey,1994-11-01
603,3,2021-11-29 16:00:03.607,4,INDUSTRY BABY (feat. Jack Harlow),5Z9KJZvQzH6PFmb8SNkxuk,MONTERO,Lil Nas X,2021-09-17
604,4,2021-11-29 16:00:03.607,5,Cold Heart - PNAU Remix,7rglLriMNBPAyuJOMGwi39,The Lockdown Sessions,Elton John,2021-10-22
605,5,2021-11-29 16:00:03.607,6,Heat Waves,02MWAaffLxlfxAUY7c5dvx,Dreamland (+ Bonus Levels),Glass Animals,2020-08-06
606,6,2021-11-29 16:00:03.607,7,abcdefu,4fouWK6XVHhzl78KzQ1UjL,abcdefu,GAYLE,2021-08-13
607,7,2021-11-29 16:00:03.607,8,Last Christmas,2FRnf9qhLbvw8fu4IBXx78,LAST CHRISTMAS,Wham!,1984-11-29
608,8,2021-11-29 16:00:03.607,9,All Too Well (10 Minute Version) (Taylor's Version) (From The Vault),5enxwA8aAbwZbf5qCHORXi,Red (Taylor's Version),Taylor Swift,2021-11-12
609,9,2021-11-29 16:00:03.607,10,Enemy (with JID) - from the series Arcane League of Legends,1r9xUipOqoNwggBpENDsvJ,Enemy (with JID) [from the series Arcane League of Legends],Imagine Dragons,2021-10-28
610,10,2021-11-29 16:00:03.607,11,Shivers,50nfwKoDiSYg8zOCREWAm5,=,Ed Sheeran,2021-10-29
611,11,2021-11-29 16:00:03.607,12,Pepas,2B4GHvToeLTOBB4QLzW3Ni,La 167,Farruko,2021-10-01
612,12,2021-11-29 16:00:03.607,13,It's Beginning to Look a Lot like Christmas,0lLdorYw7lVrJydTINhWdI,Christmas,Michael Bublé,2011-10-14
613,13,2021-11-29 16:00:03.607,14,Oh My God,3Kkjo3cT83cw09VJyrLNwX,30,Adele,2021-11-19
614,14,2021-11-29 16:00:03.607,15,Jingle Bell Rock,7vQbuQcyTflfCIOu3Uzzya,Jingle Bell Rock/Captain Santa Claus (And His Reindeer Space Patrol),Bobby Helms,1957-12-02
615,15,2021-11-29 16:00:03.607,16,Bad Habits,3rmo8F54jFF8OgYsqTxm5d,=,Ed Sheeran,2021-10-29
616,16,2021-11-29 16:00:03.607,17,Rockin' Around The Christmas Tree,2EjXfH91m7f8HiJN1yQg97,Merry Christmas From Brenda Lee,Brenda Lee,1964-10-19
617,17,2021-11-29 16:00:03.607,18,My Universe,46HNZY1i7O6jwTA7Slo2PI,Music Of The Spheres,Coldplay,2021-10-15
618,18,2021-11-29 16:00:03.607,19,Woman,6Uj1ctrBOjOas8xZXGqKk4,Planet Her,Doja Cat,2021-06-25
619,19,2021-11-29 16:00:03.607,20,Santa Tell Me,0lizgQ7Qw35od7CYaoMBZb,Santa Tell Me,Ariana Grande,2014-11-24
620,20,2021-11-29 16:00:03.607,21,Smokin Out The Window,7sMBvZCSUl99bJLXZaLa0b,An Evening With Silk Sonic,Bruno Mars,2021-11-11
621,21,2021-11-29 16:00:03.607,22,Do It To It,20on25jryn53hWghthWWW3,Do It To It,ACRAZE,2021-08-20
622,22,2021-11-29 16:00:03.607,23,MONEY,7hU3IHwjX150XLoTVmjD0q,LALISA,LISA,2021-09-10
623,23,2021-11-29 16:00:03.607,24,It's the Most Wonderful Time of the Year,1IcR6RlgvDczfvoWJSSY2A,The Andy Williams Christmas Album,Andy Williams,1963
624,24,2021-11-29 16:00:03.607,25,Toxic,2gQPv5jvVPqU2a9HhMNO1v,Toxic,BoyWithUke,2021-10-29
625,25,2021-11-29 16:00:03.607,26,love nwantiti (ah ah ah),2Xr1dTzJee307rmrkt8c0g,CKay The First,CKay,2019-08-30
626,26,2021-11-29 16:00:03.607,27,good 4 u,4ZtFanR9U6ndgddUvNcjcG,SOUR,Olivia Rodrigo,2021-05-21
627,27,2021-11-29 16:00:03.607,28,The Christmas Song (Merry Christmas To You),4PS1e8f2LvuTFgUs1Cn3ON,The Christmas Song (Expanded Edition),Nat King Cole,1962
628,28,2021-11-29 16:00:03.607,29,One Right Now (with The Weeknd),00Blm7zeNqgYLPtW6zg8cj,One Right Now,Post Malone,2021-11-05
629,29,2021-11-29 16:00:03.607,30,love nwantiti (feat. Dj Yo! & AX'EL) - Remix,4gvrJnKCKIPiacNsWVQwEU,love nwantiti (feat. Dj Yo! & AX'EL) [Remix],CKay,2021-09-09
630,30,2021-11-29 16:00:03.607,31,Need to Know,3Vi5XqYrmQgOYBajMWSvCi,Planet Her,Doja Cat,2021-06-25
631,31,2021-11-29 16:00:03.607,32,THATS WHAT I WANT,0e8nrvls4Qqv5Rfa2UhqmO,MONTERO,Lil Nas X,2021-09-17
632,32,2021-11-29 16:00:03.607,33,Mistletoe,7xapw9Oy21WpfEcib2ErSA,Under The Mistletoe (Deluxe Edition),Justin Bieber,2011-01-01
633,33,2021-11-29 16:00:03.607,34,Feliz Navidad,3qCeq0rWK67SoBDgFd2sId,My Name Is José Feliciano,José Feliciano,2001
634,34,2021-11-29 16:00:03.607,35,Beggin',3Wrjm47oTz2sjIgck11l5e,Chosen,Måneskin,2017-12-08
635,35,2021-11-29 16:00:03.607,36,Kiss Me More (feat. SZA),3DarAbFujv6eYNliUTyqtz,Planet Her,Doja Cat,2021-06-25
636,36,2021-11-29 16:00:03.607,37,Underneath the Tree,3nAp4IvdMPPWEH9uuXFFV5,Wrapped In Red,Kelly Clarkson,2013-10-25
637,37,2021-11-29 16:00:03.607,38,MONTERO (Call Me By Your Name),1SC5rEoYDGUK4NfG82494W,MONTERO,Lil Nas X,2021-09-17
638,38,2021-11-29 16:00:03.607,39,Happier Than Ever,4RVwu0g32PAqgUiJoXsdF8,Happier Than Ever,Billie Eilish,2021-07-30
639,39,2021-11-29 16:00:03.607,40,SAD GIRLZ LUV MONEY Remix (feat. Kali Uchis and Moliy),09gysnJpfQ3ublBmJDfcEC,SAD GIRLZ LUV MONEY Remix (feat. Kali Uchis and Moliy),Amaarae,2021-09-16
640,40,2021-11-29 16:00:03.607,41,Ghost,6I3mqTwhRpn34SLVafSH7G,Justice,Justin Bieber,2021-03-19
641,41,2021-11-29 16:00:03.607,42,Can I Get It,6w8ZPYdnGajyfPddTWdthN,30,Adele,2021-11-19
642,42,2021-11-29 16:00:03.607,43,Driving Home for Christmas - 2019 Remaster,27qAMKrDdKEs8HDXcvR24R,"Dancing with Strangers (Deluxe Edition, 2019 Remaster)",Chris Rea,1987-08-02
643,43,2021-11-29 16:00:03.607,44,Lo Siento BB:/ (with Bad Bunny & Julieta Venegas),4gzsuuZypVbxs0Af1LSZyB,Lo Siento BB:/ (with Bad Bunny & Julieta Venegas),Tainy,2021-10-05
644,44,2021-11-29 16:00:03.607,45,Yonaguni,2JPLbjOn0wPCngEot2STUS,Yonaguni,Bad Bunny,2021-06-04
645,45,2021-11-29 16:00:03.607,46,Snowman,7uoFMmxln0GPXQ0AcCBXRq,Everyday Is Christmas (Deluxe Edition),Sia,2018-11-01
646,46,2021-11-29 16:00:03.607,47,Let It Snow! Let It Snow! Let It Snow! (with The B. Swanson Quartet),4kKdvXD0ez7jp1296JmAts,Christmas Songs by Sinatra,Frank Sinatra,1994-11-08
647,47,2021-11-29 16:00:03.607,48,Blinding Lights,0VjIjW4GlUZAMYd2vXMi3b,After Hours,The Weeknd,2020-03-20
648,48,2021-11-29 16:00:03.607,49,Where Are You Now,3uUuGVFu1V7jTQL60S1r8z,Where Are You Now,Lost Frequencies,2021-07-30
649,49,2021-11-29 16:00:03.607,50,Moth To A Flame (with The Weeknd),2gpWyfu7eZ01zzncHpxOtA,Moth To A Flame,Swedish House Mafia,2021-10-22
650,0,2021-11-30 16:00:04.874,1,Easy On Me,46IZ0fSY2mpAiktS3KOqds,30,Adele,2021-11-19
651,1,2021-11-30 16:00:04.874,2,STAY (with Justin Bieber),5PjdY0CKGZdEuoNab3yDmX,F*CK LOVE 3: OVER YOU,The Kid LAROI,2021-07-23
652,2,2021-11-30 16:00:04.874,3,INDUSTRY BABY (feat. Jack Harlow),5Z9KJZvQzH6PFmb8SNkxuk,MONTERO,Lil Nas X,2021-09-17
653,3,2021-11-30 16:00:04.874,4,abcdefu,4fouWK6XVHhzl78KzQ1UjL,abcdefu,GAYLE,2021-08-13
654,4,2021-11-30 16:00:04.874,5,All Too Well (10 Minute Version) (Taylor's Version) (From The Vault),5enxwA8aAbwZbf5qCHORXi,Red (Taylor's Version),Taylor Swift,2021-11-12
655,5,2021-11-30 16:00:04.874,6,Cold Heart - PNAU Remix,7rglLriMNBPAyuJOMGwi39,The Lockdown Sessions,Elton John,2021-10-22
656,6,2021-11-30 16:00:04.874,7,Heat Waves,02MWAaffLxlfxAUY7c5dvx,Dreamland (+ Bonus Levels),Glass Animals,2020-08-06
657,7,2021-11-30 16:00:04.874,8,Enemy (with JID) - from the series Arcane League of Legends,1r9xUipOqoNwggBpENDsvJ,Enemy (with JID) [from the series Arcane League of Legends],Imagine Dragons,2021-10-28
658,8,2021-11-30 16:00:04.874,9,Shivers,50nfwKoDiSYg8zOCREWAm5,=,Ed Sheeran,2021-10-29
659,9,2021-11-30 16:00:04.874,10,Oh My God,3Kkjo3cT83cw09VJyrLNwX,30,Adele,2021-11-19
660,10,2021-11-30 16:00:04.874,11,All I Want for Christmas Is You,0bYg9bo50gSsH3LtXe2SQn,Merry Christmas,Mariah Carey,1994-11-01
661,11,2021-11-30 16:00:04.874,12,Pepas,2B4GHvToeLTOBB4QLzW3Ni,La 167,Farruko,2021-10-01
662,12,2021-11-30 16:00:04.874,13,Bad Habits,3rmo8F54jFF8OgYsqTxm5d,=,Ed Sheeran,2021-10-29
663,13,2021-11-30 16:00:04.874,14,My Universe,46HNZY1i7O6jwTA7Slo2PI,Music Of The Spheres,Coldplay,2021-10-15
664,14,2021-11-30 16:00:04.874,15,Do It To It,20on25jryn53hWghthWWW3,Do It To It,ACRAZE,2021-08-20
665,15,2021-11-30 16:00:04.874,16,Smokin Out The Window,7sMBvZCSUl99bJLXZaLa0b,An Evening With Silk Sonic,Bruno Mars,2021-11-11
666,16,2021-11-30 16:00:04.874,17,Woman,6Uj1ctrBOjOas8xZXGqKk4,Planet Her,Doja Cat,2021-06-25
667,17,2021-11-30 16:00:04.874,18,Last Christmas,2FRnf9qhLbvw8fu4IBXx78,LAST CHRISTMAS,Wham!,1984-11-29
668,18,2021-11-30 16:00:04.874,19,MONEY,7hU3IHwjX150XLoTVmjD0q,LALISA,LISA,2021-09-10
669,19,2021-11-30 16:00:04.874,20,One Right Now (with The Weeknd),00Blm7zeNqgYLPtW6zg8cj,One Right Now,Post Malone,2021-11-05
670,20,2021-11-30 16:00:04.874,21,love nwantiti (ah ah ah),2Xr1dTzJee307rmrkt8c0g,CKay The First,CKay,2019-08-30
671,21,2021-11-30 16:00:04.874,22,Toxic,2gQPv5jvVPqU2a9HhMNO1v,Toxic,BoyWithUke,2021-10-29
672,22,2021-11-30 16:00:04.874,23,good 4 u,4ZtFanR9U6ndgddUvNcjcG,SOUR,Olivia Rodrigo,2021-05-21
673,23,2021-11-30 16:00:04.874,24,Need to Know,3Vi5XqYrmQgOYBajMWSvCi,Planet Her,Doja Cat,2021-06-25
674,24,2021-11-30 16:00:04.874,25,THATS WHAT I WANT,0e8nrvls4Qqv5Rfa2UhqmO,MONTERO,Lil Nas X,2021-09-17
675,25,2021-11-30 16:00:04.874,26,love nwantiti (feat. Dj Yo! & AX'EL) - Remix,4gvrJnKCKIPiacNsWVQwEU,love nwantiti (feat. Dj Yo! & AX'EL) [Remix],CKay,2021-09-09
676,26,2021-11-30 16:00:04.874,27,Kiss Me More (feat. SZA),3DarAbFujv6eYNliUTyqtz,Planet Her,Doja Cat,2021-06-25
677,27,2021-11-30 16:00:04.874,28,It's Beginning to Look a Lot like Christmas,0lLdorYw7lVrJydTINhWdI,Christmas,Michael Bublé,2011-10-14
678,28,2021-11-30 16:00:04.874,29,Beggin',3Wrjm47oTz2sjIgck11l5e,Chosen,Måneskin,2017-12-08
679,29,2021-11-30 16:00:04.874,30,Ghost,6I3mqTwhRpn34SLVafSH7G,Justice,Justin Bieber,2021-03-19
680,30,2021-11-30 16:00:04.874,31,SAD GIRLZ LUV MONEY Remix (feat. Kali Uchis and Moliy),09gysnJpfQ3ublBmJDfcEC,SAD GIRLZ LUV MONEY Remix (feat. Kali Uchis and Moliy),Amaarae,2021-09-16
681,31,2021-11-30 16:00:04.874,32,Happier Than Ever,4RVwu0g32PAqgUiJoXsdF8,Happier Than Ever,Billie Eilish,2021-07-30
682,32,2021-11-30 16:00:04.874,33,Jingle Bell Rock,7vQbuQcyTflfCIOu3Uzzya,Jingle Bell Rock/Captain Santa Claus (And His Reindeer Space Patrol),Bobby Helms,1957-12-02
683,33,2021-11-30 16:00:04.874,34,MONTERO (Call Me By Your Name),1SC5rEoYDGUK4NfG82494W,MONTERO,Lil Nas X,2021-09-17
684,34,2021-11-30 16:00:04.874,35,Rockin' Around The Christmas Tree,2EjXfH91m7f8HiJN1yQg97,Merry Christmas From Brenda Lee,Brenda Lee,1964-10-19
685,35,2021-11-30 16:00:04.874,36,Can I Get It,6w8ZPYdnGajyfPddTWdthN,30,Adele,2021-11-19
686,36,2021-11-30 16:00:04.874,37,Moth To A Flame (with The Weeknd),2gpWyfu7eZ01zzncHpxOtA,Moth To A Flame,Swedish House Mafia,2021-10-22
687,37,2021-11-30 16:00:04.874,38,Where Are You Now,3uUuGVFu1V7jTQL60S1r8z,Where Are You Now,Lost Frequencies,2021-07-30
688,38,2021-11-30 16:00:04.874,39,Lo Siento BB:/ (with Bad Bunny & Julieta Venegas),4gzsuuZypVbxs0Af1LSZyB,Lo Siento BB:/ (with Bad Bunny & Julieta Venegas),Tainy,2021-10-05
689,39,2021-11-30 16:00:04.874,40,White Christmas,4so0Wek9Ig1p6CRCHuINwW,Holiday Inn (Original Motion Picture Soundtrack),Bing Crosby,1942-01-01
690,40,2021-11-30 16:00:04.874,41,Santa Tell Me,0lizgQ7Qw35od7CYaoMBZb,Santa Tell Me,Ariana Grande,2014-11-24
691,41,2021-11-30 16:00:04.874,42,Blinding Lights,0VjIjW4GlUZAMYd2vXMi3b,After Hours,The Weeknd,2020-03-20
692,42,2021-11-30 16:00:04.874,43,Yonaguni,2JPLbjOn0wPCngEot2STUS,Yonaguni,Bad Bunny,2021-06-04
693,43,2021-11-30 16:00:04.874,44,Meet Me At Our Spot,07MDkzWARZaLEdKxo6yArG,THE ANXIETY,THE ANXIETY,2020-03-13
694,44,2021-11-30 16:00:04.874,45,I Love You So,4SqWKzw0CbA05TGszDgMlc,I Love You So,The Walters,2014-11-28
695,45,2021-11-30 16:00:04.874,46,traitor,5CZ40GBx1sQ9agT82CLQCT,SOUR,Olivia Rodrigo,2021-05-21
696,46,2021-11-30 16:00:04.874,47,I Drink Wine,6v0UJD4a2FtleHeSYVX02A,30,Adele,2021-11-19
697,47,2021-11-30 16:00:04.874,48,It's the Most Wonderful Time of the Year,1IcR6RlgvDczfvoWJSSY2A,The Andy Williams Christmas Album,Andy Williams,1963
698,48,2021-11-30 16:00:04.874,49,Life Goes On,0eu4C55hL6x29mmeAjytzC,"Ugly is Beautiful: Shorter, Thicker & Uglier (Deluxe)",Oliver Tree,2021-05-28
699,49,2021-11-30 16:00:04.874,50,My Little Love,2DuPBbS5mIldXnh7Wum8Cy,30,Adele,2021-11-19
700,0,2021-12-01 16:00:05.79,1,Easy On Me,46IZ0fSY2mpAiktS3KOqds,30,Adele,2021-11-19
701,1,2021-12-01 16:00:05.79,2,STAY (with Justin Bieber),5PjdY0CKGZdEuoNab3yDmX,F*CK LOVE 3: OVER YOU,The Kid LAROI,2021-07-23
702,2,2021-12-01 16:00:05.79,3,abcdefu,4fouWK6XVHhzl78KzQ1UjL,abcdefu,GAYLE,2021-08-13
703,3,2021-12-01 16:00:05.79,4,INDUSTRY BABY (feat. Jack Harlow),5Z9KJZvQzH6PFmb8SNkxuk,MONTERO,Lil Nas X,2021-09-17
704,4,2021-12-01 16:00:05.79,5,Cold Heart - PNAU Remix,7rglLriMNBPAyuJOMGwi39,The Lockdown Sessions,Elton John,2021-10-22
705,5,2021-12-01 16:00:05.79,6,Enemy (with JID) - from the series Arcane League of Legends,1r9xUipOqoNwggBpENDsvJ,Enemy (with JID) [from the series Arcane League of Legends],Imagine Dragons,2021-10-28
706,6,2021-12-01 16:00:05.79,7,Heat Waves,02MWAaffLxlfxAUY7c5dvx,Dreamland (+ Bonus Levels),Glass Animals,2020-08-06
707,7,2021-12-01 16:00:05.79,8,All Too Well (10 Minute Version) (Taylor's Version) (From The Vault),5enxwA8aAbwZbf5qCHORXi,Red (Taylor's Version),Taylor Swift,2021-11-12
708,8,2021-12-01 16:00:05.79,9,Shivers,50nfwKoDiSYg8zOCREWAm5,=,Ed Sheeran,2021-10-29
709,9,2021-12-01 16:00:05.79,10,All I Want for Christmas Is You,0bYg9bo50gSsH3LtXe2SQn,Merry Christmas,Mariah Carey,1994-11-01
710,10,2021-12-01 16:00:05.79,11,Oh My God,3Kkjo3cT83cw09VJyrLNwX,30,Adele,2021-11-19
711,11,2021-12-01 16:00:05.79,12,Pepas,2B4GHvToeLTOBB4QLzW3Ni,La 167,Farruko,2021-10-01
712,12,2021-12-01 16:00:05.79,13,Bad Habits,3rmo8F54jFF8OgYsqTxm5d,=,Ed Sheeran,2021-10-29
713,13,2021-12-01 16:00:05.79,14,Do It To It,20on25jryn53hWghthWWW3,Do It To It,ACRAZE,2021-08-20
714,14,2021-12-01 16:00:05.79,15,My Universe,46HNZY1i7O6jwTA7Slo2PI,Music Of The Spheres,Coldplay,2021-10-15
715,15,2021-12-01 16:00:05.79,16,Woman,6Uj1ctrBOjOas8xZXGqKk4,Planet Her,Doja Cat,2021-06-25
716,16,2021-12-01 16:00:05.79,17,Smokin Out The Window,7sMBvZCSUl99bJLXZaLa0b,An Evening With Silk Sonic,Bruno Mars,2021-11-11
717,17,2021-12-01 16:00:05.79,18,Last Christmas,2FRnf9qhLbvw8fu4IBXx78,LAST CHRISTMAS,Wham!,1984-11-29
718,18,2021-12-01 16:00:05.79,19,MONEY,7hU3IHwjX150XLoTVmjD0q,LALISA,LISA,2021-09-10
719,19,2021-12-01 16:00:05.79,20,One Right Now (with The Weeknd),00Blm7zeNqgYLPtW6zg8cj,One Right Now,Post Malone,2021-11-05
720,20,2021-12-01 16:00:05.79,21,love nwantiti (ah ah ah),2Xr1dTzJee307rmrkt8c0g,CKay The First,CKay,2019-08-30
721,21,2021-12-01 16:00:05.79,22,good 4 u,4ZtFanR9U6ndgddUvNcjcG,SOUR,Olivia Rodrigo,2021-05-21
722,22,2021-12-01 16:00:05.79,23,Toxic,2gQPv5jvVPqU2a9HhMNO1v,Toxic,BoyWithUke,2021-10-29
723,23,2021-12-01 16:00:05.79,24,Need to Know,3Vi5XqYrmQgOYBajMWSvCi,Planet Her,Doja Cat,2021-06-25
724,24,2021-12-01 16:00:05.79,25,THATS WHAT I WANT,0e8nrvls4Qqv5Rfa2UhqmO,MONTERO,Lil Nas X,2021-09-17
725,25,2021-12-01 16:00:05.79,26,love nwantiti (feat. Dj Yo! & AX'EL) - Remix,4gvrJnKCKIPiacNsWVQwEU,love nwantiti (feat. Dj Yo! & AX'EL) [Remix],CKay,2021-09-09
726,26,2021-12-01 16:00:05.79,27,It's Beginning to Look a Lot like Christmas,0lLdorYw7lVrJydTINhWdI,Christmas,Michael Bublé,2011-10-14
727,27,2021-12-01 16:00:05.79,28,Beggin',3Wrjm47oTz2sjIgck11l5e,Chosen,Måneskin,2017-12-08
728,28,2021-12-01 16:00:05.79,29,Kiss Me More (feat. SZA),3DarAbFujv6eYNliUTyqtz,Planet Her,Doja Cat,2021-06-25
729,29,2021-12-01 16:00:05.79,30,Ghost,6I3mqTwhRpn34SLVafSH7G,Justice,Justin Bieber,2021-03-19
730,30,2021-12-01 16:00:05.79,31,Jingle Bell Rock,7vQbuQcyTflfCIOu3Uzzya,Jingle Bell Rock/Captain Santa Claus (And His Reindeer Space Patrol),Bobby Helms,1957-12-02
731,31,2021-12-01 16:00:05.79,32,Happier Than Ever,4RVwu0g32PAqgUiJoXsdF8,Happier Than Ever,Billie Eilish,2021-07-30
732,32,2021-12-01 16:00:05.79,33,SAD GIRLZ LUV MONEY Remix (feat. Kali Uchis and Moliy),09gysnJpfQ3ublBmJDfcEC,SAD GIRLZ LUV MONEY Remix (feat. Kali Uchis and Moliy),Amaarae,2021-09-16
733,33,2021-12-01 16:00:05.79,34,MONTERO (Call Me By Your Name),1SC5rEoYDGUK4NfG82494W,MONTERO,Lil Nas X,2021-09-17
734,34,2021-12-01 16:00:05.79,35,Rockin' Around The Christmas Tree,2EjXfH91m7f8HiJN1yQg97,Merry Christmas From Brenda Lee,Brenda Lee,1964-10-19
735,35,2021-12-01 16:00:05.79,36,Moth To A Flame (with The Weeknd),2gpWyfu7eZ01zzncHpxOtA,Moth To A Flame,Swedish House Mafia,2021-10-22
736,36,2021-12-01 16:00:05.79,37,Where Are You Now,3uUuGVFu1V7jTQL60S1r8z,Where Are You Now,Lost Frequencies,2021-07-30
737,37,2021-12-01 16:00:05.79,38,Lo Siento BB:/ (with Bad Bunny & Julieta Venegas),4gzsuuZypVbxs0Af1LSZyB,Lo Siento BB:/ (with Bad Bunny & Julieta Venegas),Tainy,2021-10-05
738,38,2021-12-01 16:00:05.79,39,Santa Tell Me,0lizgQ7Qw35od7CYaoMBZb,Santa Tell Me,Ariana Grande,2014-11-24
739,39,2021-12-01 16:00:05.79,40,Can I Get It,6w8ZPYdnGajyfPddTWdthN,30,Adele,2021-11-19
740,40,2021-12-01 16:00:05.79,41,Yonaguni,2JPLbjOn0wPCngEot2STUS,Yonaguni,Bad Bunny,2021-06-04
741,41,2021-12-01 16:00:05.79,42,Blinding Lights,0VjIjW4GlUZAMYd2vXMi3b,After Hours,The Weeknd,2020-03-20
742,42,2021-12-01 16:00:05.79,43,Meet Me At Our Spot,07MDkzWARZaLEdKxo6yArG,THE ANXIETY,THE ANXIETY,2020-03-13
743,43,2021-12-01 16:00:05.79,44,I Love You So,4SqWKzw0CbA05TGszDgMlc,I Love You So,The Walters,2014-11-28
744,44,2021-12-01 16:00:05.79,45,White Christmas,4so0Wek9Ig1p6CRCHuINwW,Holiday Inn (Original Motion Picture Soundtrack),Bing Crosby,1942-01-01
745,45,2021-12-01 16:00:05.79,46,traitor,5CZ40GBx1sQ9agT82CLQCT,SOUR,Olivia Rodrigo,2021-05-21
746,46,2021-12-01 16:00:05.79,47,It's the Most Wonderful Time of the Year,1IcR6RlgvDczfvoWJSSY2A,The Andy Williams Christmas Album,Andy Williams,1963
747,47,2021-12-01 16:00:05.79,48,Life Goes On,0eu4C55hL6x29mmeAjytzC,"Ugly is Beautiful: Shorter, Thicker & Uglier (Deluxe)",Oliver Tree,2021-05-28
748,48,2021-12-01 16:00:05.79,49,Mon Amour - Remix,5TMLavqGRKNxgzMBrVpC9R,Mon Amour (Remix),zzoilo,2021-08-18
749,49,2021-12-01 16:00:05.79,50,I Drink Wine,6v0UJD4a2FtleHeSYVX02A,30,Adele,2021-11-19
